{
    "name": "A Prideful Encounter",
    "CardType": "Event",
    "CardLimit": "1",
    "Description": "Meet Perephania. This is placeholder text.",
    "requires": [ ""],
    "requiresEvent": [
      {
      "NameOfEvent": "A Prideful Encounter",
      "Progress": "0",
      "ChoiceNumber": "55",
      "Choice": ""
      }
    ],
    "Speakers": [
        {
          "name": "Perephania",
          "postName": "",
          "SpeakerType": "Monster"
        },
        {
          "name": "???",
          "postName": "",
          "SpeakerType": "Monster"
        }
      ],
    "EventText": [
        {
          "NameOfScene": "IntroScene1",
          "theScene": [
                         "As you travel through the forest, you find yourself at a small grassy clearing clearing. You briefly consider stopping to rest, until you hear the sound of someone approaching.",
                         "Speak", "???",
                         "Ah, good. I've been needing a chair to rest my legs.",
                         "DisplayCharacters",
                          "1",
                         "EndLoop",
                         "Turning towards the haughty voice you see a woman approaching the clearing. Her skin is translucent, the light scattering through her gelatinous orange body. She wears what appears to be a dress made of water.",
                         "You glance around the clearing, but don't see any chairs.",
                         "Speak", "???",
                         "|f|ChangeImageLayer|/|Expressions|/|1|/|Neutral|n|I was talking about {i}you{/i}, darling, Now be a dear and kneel for me.",
                         "Menu",
                          "Alright",
                          "Refuse",
                         "EndLoop"
            ]
        },
        {
          "NameOfScene": "Intro Part 1",
          "theScene": [
                         "************************************************************************************************************************************************************************"
                      ]
        },
        {
          "NameOfScene": "Alright",
          "theScene": [
                         "You decide to go along with her, kneeling in the grass.",
                         "Speak", "???",
                          "|f|ChangeImageLayer|/|Expressions|/|1|/|Smile|n|Splendid, I do like a man who knows how to treat a lady.",
                         "She steps behind you, and lowers herself onto your back. Surprisingly, she's rather light.",
                         "Speaks",
                          "My name is Perephania. And you are?",
                         "You tell her your name, and she nods with a smile.",
                         "Speaks",
                         "|f|ChangeImageLayer|/|Expressions|/|1|/|Neutral|n|[ThePlayerName], a fine name. I believe we will get along swimmingly.",
                         "She crosses her legs, her stunningly soft rear shifting easily on your shoulders.Leaning back, she lets out a sigh.",
                         "Speaks",
                          "Perhaps we should have a chat to pass the time, hmm?",
                         "JumpToScene", "IntroScene2"
                      ]
        },
        {
          "NameOfScene": "Refuse",
          "theScene": [
                         "You naturally refuse the rude woman's request.",
                         "|f|ChangeImageLayer|/|Expressions|/|1|/|Angry|n|The gelatinous woman raises an eyebrow at your response.",
                         "Speak", "???",
                          "Suit yourself.",
                         "|f|ChangeImageLayer|/|Expressions|/|1|/|Neutral|n|She shrugs, before turning to leave.",
                         "Menu",
                          "Let her leave",
                          "That's it?",
                         "EndLoop"
                      ]
        },
        {
          "NameOfScene": "That's it?",
          "theScene": [
                         "'That's it?' You blurt out, 'You aren't going to attack me or something?'",
                         "She glances back at you.",
                         "Speak", "???",
                         "I have no need for someone who doesn't do as they're told. If that is all, I will be on my way.",
                         "Menu",
                          "I'll be your chair!",
                          "Let her leave",
                         "EndLoop"
                      ]
        },
        {
          "NameOfScene": "I'll be your chair!",
          "theScene": [
                         "Speak", "???",
                         "|f|ChangeImageLayer|/|Expressions|/|1|/|Angry|n|What, did you {i}want{/i} me to attack you?",
                         "She steps towards you with narrowed eyes.",
                         "Speak", "???",
                         "Pervert. I wonder if you're even worthy of being my chair.",
                         "Speak", "???",
                         "I will allow you this chance. On your knees. {i}Now{/i}.",
                         "You do as she says, kneeling on the grass. The woman steps behind you, lowering herself onto your back, and you're surprised to find she's rather light.",
                         "Speaks",
                         "|f|ChangeImageLayer|/|Expressions|/|1|/|Neutral|n|I am Perephania. Speak your name, adventurer.",
                         "You give her your name, and she nods her head.",
                         "Speaks",
                         "Very well, [ThePlayerName]. Continue to behave and we shall get along fine.",
                         "She crosses her legs, her stunningly soft rear shifting easily on your shoulders. Leaning back, she lets out a sigh.",
                         "Speaks",
                          "Perhaps we should have a chat to pass the time, hmm?",
                         "JumpToScene", "IntroScene2"
                      ]
        },
        {
          "NameOfScene": "Let her leave",
          "theScene": [
                         "You watch silently as she takes her leave."
                      ]
        },
        {
          "NameOfScene": "Intro Part 2",
          "theScene": [
                         "************************************************************************************************************************************************************************"
                      ]
        },
        {
          "NameOfScene": "IntroScene2",
          "theScene": [
                         "IfProgressEquals", "1", "PerephaniaAsks",
                         "Menu",
                          "HideOptionOnRequirementFail", "RequiresChoice", "21", "", "What type of monster are you?",
                          "HideOptionOnRequirementFail", "RequiresChoice", "22", "", "What do you do?",
                          "HideOptionOnRequirementFail", "RequiresChoice", "23", "", "What are your tastes?",
                          "HideOptionOnRequirementFail", "RequiresChoice", "24", "", "What do you think of the Demon Queen?",
                          "HideOptionOnRequirementFail", "RequiresChoice", "25", "", "What do you think of the barrier?",
                         "EndLoop"
                      ]
        },
        {
          "NameOfScene": "What type of monster are you?",
          "theScene": [
                         "Speaks",
                         "Is it not obvious? I am a Jellyfish. A Lion's Mane Jellyfish to be precise. What, you didn't think me some common slime, did you?",
                         "'Does that mean you have stingers?'",
                         "Speaks",
                         "|f|ChangeImageLayer|/|Expressions|/|1|/|Smile|n|Of course. My hair, my lips, my tongue, even... {i}Down there{/i}.",
                         "She laughs softly.",
                         "Speaks",
                         "|f|ChangeImageLayer|/|Expressions|/|1|/|BigSmile|n|Don't fear, I have excellent control. Not to mention, I can control the effects. From tingling, to burning, to numbness, and even paralysis. Who knows, perhaps you would enjoy it?",
                         "SetChoice", "21", "WhatMonster",
                         "ChangeProgress", "1",
                         "JumpToScene", "IntroScene2"
                      ]
        },
        {
          "NameOfScene": "What do you do?",
          "theScene": [
                         "SetChoice", "22", "WhatDo",
                         "Speaks",
                         "|f|ChangeImageLayer|/|Expressions|/|1|/|Neutral|n|My employment, you mean? Frankly, I haven't had to truly work in a long time. These days, I typically spend my time travelling and enjoying the sights.",
                         "ChangeProgress", "1",
                         "JumpToScene", "IntroScene2"
                      ]
        },
        {
          "NameOfScene": "What are your tastes?",
          "theScene": [
                         "SetChoice", "23", "Tastes",
                         "SetChoice", "33", "Chosen",
                         "|f|ChangeImageLayer|/|Expressions|/|1|/|Smile|n|Perephania smiles at your question.",
                         "Speaks",
                         "In food, or partners?",
                         "Speaks",
                         "|f|ChangeImageLayer|/|Expressions|/|1|/|BigSmile|n|I have quite a preference for the sweet, in either case. That which is easy on the tongue and heart.",
                         "ChangeProgress", "1",
                         "JumpToScene", "IntroScene2"
                      ]
        },
        {
          "NameOfScene": "What do you think of the Demon Queen?",
          "theScene": [
                         "SetChoice", "24", "DemonQueen",
                         "Speaks",
                         "|f|ChangeImageLayer|/|Expressions|/|1|/|Neutral|n|Truthfully, I'm not sure. It does somewhat concern me that nobody knows who she is, but... |n||f|ChangeImageLayer|/|Expressions|/|1|/|Smile|n|Well, so I suppose she can't be all that bad.",
                         "ChangeProgress", "1",
                         "JumpToScene", "IntroScene2"
                      ]
        },
        {
          "NameOfScene": "What do you think of the barrier?",
          "theScene": [
                         "SetChoice", "25", "Barrier",
                         "Speaks",
                         "|f|ChangeImageLayer|/|Expressions|/|1|/|BigSmile|n|I think it's wonderful. Gone are the days of monster and human slaughtering each other for reasons they don't even remember.",
                         "Speaks",
                         "|f|ChangeImageLayer|/|Expressions|/|1|/|Smile|n|Indeed, this is a much more agreeable arrangement.",
                         "ChangeProgress", "1",
                         "JumpToScene", "IntroScene2"
                      ]
        },
        {
          "NameOfScene": "PerephaniaAsks",
          "theScene": [
                         "SwapLineIf", "Random",
                          "Perephania thinks for a moment, before speaking.",
                          "Perephania humms to herself for a moment.",
                          "Perephania shifts on your back.",
                         "EndLoop",
                         "JumpToRandomScene",
                          "RequiresChoice", "31", "", "DifficultMonster",
                          "RequiresChoice", "32", "", "IfNotAdventurer",
                          "RequiresChoice", "33", "", "SaltSweetSour",
                          "RequiresChoice", "34", "", "Dethrone",
                          "RequiresChoice", "35", "", "Barrier",
                          "RequiresChoice", "31", "Chosen", "RequiresChoice", "32", "Chosen", "RequiresChoice", "33", "Chosen",  "RequiresChoice", "34", "Chosen", "RequiresChoice", "35", "Chosen", "IntroScene3",
                         "EndLoop"
                      ]
        },
        {
          "NameOfScene": "DifficultMonster",
          "theScene": [
                         "SetChoice", "31", "Chosen",
                         "Speaks",
                         "|f|ChangeImageLayer|/|Expressions|/|1|/|Smile|n|You're an adventurer, are you not? Tell me, what is your greatest exploit? Which challenge in your travels proved the most difficult to overcome?",
                         "Menu",
                          "Perpetua",
                          "The Labyrinth",
                          "Oni twins",
                          "Sofia",
                         "EndLoop"
                      ]
        },
        {
          "NameOfScene": "Perpetua",
          "theScene": [
                         "You recount your encounter with Perpetua in the capital, and Perephania listens intently.",
                         "Speaks",
                         "|f|ChangeImageLayer|/|Expressions|/|1|/|Neutral|n|That must have been challenging indeed, battling your rival turned to darkness.",
                         "Speaks",
                         "|f|ChangeImageLayer|/|Expressions|/|1|/|Smile|n|I'm glad to hear all turned out well in the end. I shudder to imagine what might have resulted if you had lost.",
                         "ChangeProgress", "-1",
                         "JumpToScene", "IntroScene2"
                      ]
        },
        {
          "NameOfScene": "The Labyrinth",
          "theScene": [
                         "You recount your experience in the Labyrinth, and Perephania listens intently.",
                         "Speaks",
                         "|f|ChangeImageLayer|/|Expressions|/|1|/|Smile|n|I've heard tales of those sisters. Fearsome renown indeed.",
                         "Speaks",
                         "|f|ChangeImageLayer|/|Expressions|/|1|/|BigSmile|n|Though I wager few would complain about 'losing' to them, if their descriptions are anything to go by.",
                         "ChangeProgress", "-1",
                         "JumpToScene", "IntroScene2"
                         
                      ]
        },
        {
          "NameOfScene": "Oni twins",
          "theScene": [
                         "You recount your encounter with Mizuko and Himika, and Perephania listens intently.",
                         "Speaks",
                         "|f|ChangeImageLayer|/|Expressions|/|1|/|Neutral|n|The Demon Queen's commanders of Will and Power. Quite the capable duo, it must be said.",
                         "Speaks",
                         "|f|ChangeImageLayer|/|Expressions|/|1|/|Smile|n|No small feat indeed, I suspect most would crumble if they fought together.",
                         "ChangeProgress", "-1",
                         "JumpToScene", "IntroScene2"
                      ]
        },
        {
          "NameOfScene": "Sofia",
          "theScene": [
                         "You recount your battle with Sofia, and Perephania listens with surprise.",
                         "Speaks",
                         "|f|ChangeImageLayer|/|Expressions|/|1|/|Surprise|n|Surely you jest? I'm doubtful {i}anyone{/i} could defeat {i}her{/i}.",
                         "Speaks",
                         "|f|ChangeImageLayer|/|Expressions|/|1|/|Neutral|n|She {i}must{/i} have been holding back. Though I admit, even enduring that would be beyond most.",
                         "ChangeProgress", "-1",
                         "JumpToScene", "IntroScene2"
                      ]
        },
        {
          "NameOfScene": "IfNotAdventurer",
          "theScene": [
                         "SetChoice", "32", "Chosen",
                         "Speaks",
                         "|f|ChangeImageLayer|/|Expressions|/|1|/|Smile|n|Tell me, if you hadn't become an adventurer, what do you expect you would be doing now?",
                         "Menu",
                          "Cooking",
                          "Travel",
                          "Teaching",
                          "Becoming an adventurer",
                          "Not much of anything",
                         "EndLoop"
                      ]
        },
        {
          "NameOfScene": "Cooking",
          "theScene": [
                         "Speaks",
                         "|f|ChangeImageLayer|/|Expressions|/|1|/|Aroused|n|Oh my~ A man after mine own heart?",
                         "Speaks",
                         "|f|ChangeImageLayer|/|Expressions|/|1|/|LipLick|n|There are truly few things as universally admired as food, is that not so?",
                         "ChangeProgress", "-1",
                         "JumpToScene", "IntroScene2"
                      ]
        },
        {
          "NameOfScene": "Travel",
          "theScene": [
                         "Speaks",
                         "|f|ChangeImageLayer|/|Expressions|/|1|/|BigSmile|n|Hmm~? We are alike in that regard, then. There is much to experience, even on this continent alone.",
                         "Speaks",
                         "|f|ChangeImageLayer|/|Expressions|/|1|/|Angry|n|To journey without care or worry, indeed, it is a privilege worrysome few ever experience.",
                         "ChangeProgress", "-1",
                         "JumpToScene", "IntroScene2"
                      ]
        },
        {
          "NameOfScene": "Teaching",
          "theScene": [
                         "Speaks",
                         "|f|ChangeImageLayer|/|Expressions|/|1|/|Smile|n|A commendable choice, improving the next generation. Would that more people thought to improving the world.",
                         "Speaks",
                         "|f|ChangeImageLayer|/|Expressions|/|1|/|Neutral|n|I myself spend much of my time in travel, and there is indeed much to learn still left out there.",
                         "ChangeProgress", "-1",
                         "JumpToScene", "IntroScene2"
                      ]
        },
        {
          "NameOfScene": "Becoming an adventurer",
          "theScene": [
                         "She chuckles at your response.",
                         "|f|ChangeImageLayer|/|Expressions|/|1|/|BigSmile|n|Hmm~ True to yourself I suppose. I can't say I blame you, it is quite the enticing life style.",
                         "Speaks",
                         "|f|ChangeImageLayer|/|Expressions|/|1|/|Smile|n|I myself spend most of my time enjoying the continent's sights.",
                         "ChangeProgress", "-1",
                         "JumpToScene", "IntroScene2"
                      ]
        },
        {
          "NameOfScene": "Not much of anything",
          "theScene": [
                         "Speaks",
                         "|f|ChangeImageLayer|/|Expressions|/|1|/|Smile|n|Ah, I can't say I blame you. There is much joy to be had with no responsibilities to worry about.",
                         "Speaks",
                         "I myself spend most of my time enjoying the continent's sights, free of worries and cares.",
                         "ChangeProgress", "-1",
                         "JumpToScene", "IntroScene2"
                      ]
        },
        {
          "NameOfScene": "SaltSweetSour",
          "theScene": [
                         "SetChoice", "33", "Chosen",
                         "Speaks",
                         "|f|ChangeImageLayer|/|Expressions|/|1|/|Neutral|n|Hmm~ How about... |n||f|ChangeImageLayer|/|Expressions|/|1|/|Smile|n|Which do you prefer? Sweet, salty, or sour?",
                         "Menu",
                          "Sweet",
                          "Salty",
                          "Sour",
                          "I like them all",
                         "EndLoop"
                      ]
        },
        {
          "NameOfScene": "Sweet",
          "theScene": [
                         "Speaks",
                         "|f|ChangeImageLayer|/|Expressions|/|1|/|BigSmile|n|We are in agreement then.",
                         "She nods with a smile.",
                         "Speaks",
                         "A taste which all can enjoy, as easy on the tongue as it is on the heart.",
                         "Speaks",
                         "|f|ChangeImageLayer|/|Expressions|/|1|/|LipLick|n|I wonder if your taste in partners is the same?",
                         "ChangeProgress", "-1",
                         "JumpToScene", "IntroScene2"
                      ]
        },
        {
          "NameOfScene": "Salty",
          "theScene": [
                         "Speaks",
                         "|f|ChangeImageLayer|/|Expressions|/|1|/|Neutral|n|Nothing quite stokes hunger like salt, I suppose, and it does so enhance the flavours around it.",
                         "Speaks",
                         "|f|ChangeImageLayer|/|Expressions|/|1|/|Smile|n|I am partial to the sweet things in life, myself.",
                         "ChangeProgress", "-1",
                         "JumpToScene", "IntroScene2"
                      ]
        },
        {
          "NameOfScene": "Sour",
          "theScene": [
                         "Speaks",
                         "|f|ChangeImageLayer|/|Expressions|/|1|/|Neutral|n|Hmm~ I'm not a fan myself, though I suppose everyone has their own tastes in all things.",
                         "Speaks",
                         "|f|ChangeImageLayer|/|Expressions|/|1|/|Smile|n|I prefer sweet, myself. In more ways than one.",
                         "ChangeProgress", "-1",
                         "JumpToScene", "IntroScene2"
                      ]
        },
        {
          "NameOfScene": "I like them all",
          "theScene": [
                         "Speaks",
                         "|f|ChangeImageLayer|/|Expressions|/|1|/|BigSmile|n|Hmm~ Are you being truthful, or just indecisive? I suppose they do say variety is the spice of life.",
                         "Speaks",
                         "|f|ChangeImageLayer|/|Expressions|/|1|/|Smile|n|I prefer to stick to the sweet things in life, myself.",
                         "ChangeProgress", "-1",
                         "JumpToScene", "IntroScene2"
                      ]
        },
        {
          "NameOfScene": "Dethrone",
          "theScene": [
                         "SetChoice", "34", "Chosen",
                         "Speaks",
                         "|f|ChangeImageLayer|/|Expressions|/|1|/|Neutral|n|Why do you wish to dethrone the Demon Queen?",
                         "Menu",
                          "Curiosity",
                          "Pay off debt",
                          "I forgot I was meant to do that...",
                          "Marriage",
                         "EndLoop"
                      ]
        },
        {
          "NameOfScene": "Curiosity",
          "theScene": [
                         "Speaks",
                         "|f|ChangeImageLayer|/|Expressions|/|1|/|Smile|n|Mm~ It's true, who doesn't wish to know the identity of our mysterious Demon Queen?",
                         "Speaks",
                         "I too wish to know the truth of the matter.",
                         "ChangeProgress", "-1",
                         "JumpToScene", "IntroScene2"
                      ]
        },
        {
          "NameOfScene": "Pay off debt",
          "theScene": [
                         "Speaks",
                         "|f|ChangeImageLayer|/|Expressions|/|1|/|Angry|n|That is one struggle I have never been unfortunate enough to experience.",
                         "Speaks",
                         "|f|ChangeImageLayer|/|Expressions|/|1|/|Smile|n|Though I have no doubts you will achieve your goal some day.",
                         "ChangeProgress", "-1",
                         "JumpToScene", "IntroScene2"
                      ]
        },
        {
          "NameOfScene": "I forgot I was meant to do that...",
          "theScene": [
                         "Speaks",
                         "|f|ChangeImageLayer|/|Expressions|/|1|/|Laugh|n|Hah! Too lost in the joys Lucidia has to offer, hmm?",
                         "Speaks",
                         "|f|ChangeImageLayer|/|Expressions|/|1|/|Aroused|n|Pervert~♥",
                         "ChangeProgress", "-1",
                         "JumpToScene", "IntroScene2"
                      ]
        },
        {
          "NameOfScene": "Marriage",
          "theScene": [
                         "Speaks",
                         "|f|ChangeImageLayer|/|Expressions|/|1|/|Surprise|n|You wish to... {i}Marry{/i} the Demon Queen?",
                         "Speaks",
                         "|f|ChangeImageLayer|/|Expressions|/|1|/|BigSmile|n|Quite bold, I admit. Even if it is {i}absurd.{/i}",
                         "ChangeProgress", "-1",
                         "JumpToScene", "IntroScene2"
                      ]
        },
        {
          "NameOfScene": "Barrier",
          "theScene": [
                         "SetChoice", "35", "Chosen",
                         "Speaks",
                         "|f|ChangeImageLayer|/|Expressions|/|1|/|Neutral|n|What do you think of the barrier, [ThePlayerName]?",
                         "Menu",
                          "It's great",
                          "It's annoying",
                         "EndLoop"
                      ]
        },
        {
          "NameOfScene": "It's great",
          "theScene": [
                         "Speaks",
                         "|f|ChangeImageLayer|/|Expressions|/|1|/|Smile|n|I'm glad we're in agreement. I much rather this than the pointless bloodshed we had before.",
                         "ChangeProgress", "-1",
                         "JumpToScene", "IntroScene2"
                      ]
        },
        {
          "NameOfScene": "It's annoying",
          "theScene": [
                         "Speaks",
                         "|f|ChangeImageLayer|/|Expressions|/|1|/|Angry|n|Truly? That saddens me dearly.",
                         "Speaks",
                         "|f|ChangeImageLayer|/|Expressions|/|1|/|Smile|n|I hope you change your mind some day, [ThePlayerName].",
                         "ChangeProgress", "-1",
                         "JumpToScene", "IntroScene2"
                      ]
        },
        {
          "NameOfScene": "Intro Part 3",
          "theScene": [
                         "************************************************************************************************************************************************************************"
                      ]
        },
        {
          "NameOfScene": "IntroScene3",
          "theScene": [
                         "Speaks",
                         "|f|ChangeImageLayer|/|Expressions|/|1|/|Neutral|n|Well, I think that's quite enough of a rest for me.",
                         "Perephania stands, walking around before you and offering you a hand up, which you take, and she helps you to your feet.",
                         "Speaks",
                         "|f|ChangeImageLayer|/|Expressions|/|1|/|Smile|n|Thank you for lending me your back, darling. When next we meet, let it be somewhere with more seating, hmm~?",
                         "The jellyfish girl turns to leave before suddenly stopping.",
                         "Speaks",
                         "|f|ChangeImageLayer|/|Expressions|/|1|/|BigSmile|n|Oh, I almost forgot! It wouldn't do to leave you without a reward, would it?",
                         "|f|ChangeImageLayer|/|Expressions|/|1|/|Kiss|n|Before you can react, she leans in and presses her orange lips to your cheek, giving you a wet kiss. Almost immediately you feel your cheek tingle and throb with heat, and you reach up to feel a patch of inflamed skin.",
                         "Speaks",
                         "|f|ChangeImageLayer|/|Expressions|/|1|/|Aroused|n|Don't worry~ It'll wear off in a minute or so.",
                         "|f|ChangeImageLayer|/|Expressions|/|1|/|Laugh|n|She slips a piece of paper into your hand and giggles as she sets off down the path, leaving you alone.",
                         "DisplayCharacters",
                          "???",
                         "EndLoop",
                         "Looking down at the paper, you see a neatly written note with what appears to be an address, a set of numbers, and the words 'Use this passcode, the staff won't bother you ♥'",
                         "GiveItem", "Perephania's Directions",
                         "You pocket the note, then return to your adventure.",
                         "SetChoice", "55", "EventClosed"
                      ]
        },
        {
          "NameOfScene": "Wrong Name",
          "theScene": [ 
                         "If you're seeing this, you named something wrong."
                      ]
        }
    ]
}