{
    "name": "PerephaniaFight",
    "CardType": "",
    "CardLimit": "0",
    "Description": "",
    "requires": [ ""],
    "Speakers": [
        {
          "name": "Perephania",
          "postName": "",
          "SpeakerType": "Monster"
        }
      ],
    "EventText": [
        {
          "NameOfScene": "StartCombat",
          "theScene": [
                         "SetChoice", "69", "",
                         "GivePerkToMonster", "Hubris",
                         "LevelUpMonster", "MatchPlayer"
                      ]
        },
        {
          "NameOfScene": "OrgasmCounter",
          "theScene": [
                         "Perephania shivers as she climaxes, a hint of surprise flashing in her eyes.",
                         "IfMonsterHasPerk", "Dignity", "AllOut",
                         "RemovePerkFromMonster", "Hubris",
                         "GivePerkToMonster", "Dignity",
                         "Speaks",
                         "|f|ChangeImageLayer|/|Expressions|/|Smile|n||f|ChangeImageLayer|/|Blush|/|Blush|n|Hmm~ This {i}is{/i} a pleasant surprise. I suppose I'll put in some effort of my own."
                         
            ]
        },
        {
          "NameOfScene": "AllOut",
          "theScene": [
                         "|f|ChangeImageLayer|/|Expressions|/|FuckMeBigSmile|n||f|ChangeImageLayer|/|Sweat|/|Sweat|n|",
                         "Speaks",
                         "I must admit, I'm impressed. It would be rude for me to not give it my all at this point.",
                         "RemovePerkFromMonster", "Dignity",
                         "GivePerkToMonster", "Pride"
                      ]
        },
        {
          "NameOfScene": "LineTrigger Flavour",
          "theScene": [
                         "******************************************"
                      ]
        },
        {
          "NameOfScene": "GropeResponse",
          "theScene": [
                         "Speaks", "SwapLineIf", "Random",
                          "|f|ChangeImageLayer|/|Expressions|/|Smile|n|That's it, squeeze me to your heart's content~",
                          "|f|ChangeImageLayer|/|Expressions|/|Neutral|n|Touch all you like, it's what they're made for~",
                          "|f|ChangeImageLayer|/|Expressions|/|Aroused|n|Good~ Lose yourself in my body~",
                          "|f|ChangeImageLayer|/|Expressions|/|BigSmile|n|Mm~ More~",
                         "EndLoop"
                      ]
        },
        {
          "NameOfScene": "SuckleResponse",
          "theScene": [
                         "Speaks", "SwapLineIf", "Random",
                          "Hm~ I could get used to this~",
                          "Oh~ Do keep doing {i}that{/i}.",
                          "Hnn~ This is...",
                         "EndLoop",
                         "IfMonsterHasPerk", "Hubris", "NoVenom",
                         "IfHasPerk", "Stinging Love", "VenomIncrease",
                         "As you lick and suck Perephania's nipple, a tingling sensation starts at the tip of your tongue, soon growing to fill your mouth.",
                         "GivePerkQuietly", "Stinging Love"
                      ]
        },
        {
          "NameOfScene": "AssResponse",
          "theScene": [
                         "SwapLineIf", "Random",
                          "Perephania's delightfully soft rear jiggles enticingly as your hand passes over it.",
                          "Perephania's butt jiggles enthrallingly as you play with it.",
                          "Perephania's impossibly pliant behind bounces as your hands play across it.",
                         "EndLoop",
                         "Speaks", "SwapLineIf", "Random",
                          "|f|ChangeImageLayer|/|Expressions|/|BigSmile|n|Come on~ You can go harder than that~",
                          "|f|ChangeImageLayer|/|Expressions|/|FuckMeBigSmile|n|Feel free to go harder, I can take it~",
                          "|f|ChangeImageLayer|/|Expressions|/|Neutral|n|Go ahead, play all you like~",
                         "EndLoop"
                      ]
        },
        {
          "NameOfScene": "SeductionResponse",
          "theScene": [
                         "Speaks","SwapLineIf", "Random",
                          "|f|ChangeImageLayer|/|Expressions|/|Smile|n|Oh {i}do{/i} keep up the flattery, it will get you {i}very{/i} far.",
                          "|f|ChangeImageLayer|/|Expressions|/|Aroused|n|Praise me more~ I do so very much enjoy it.",
                          "|f|ChangeImageLayer|/|Expressions|/|Neutral|n|Keep this up and I really could fall for you~",
                         "EndLoop"
                      ]
        },
        {
          "NameOfScene": "MagicResponse",
          "theScene": [
                         "Speaks", "SwapLineIf", "Random",
                          "|f|ChangeImageLayer|/|Expressions|/|BigSmile|n|Am I meant to be impressed by such basic magic?",
                          "|f|ChangeImageLayer|/|Expressions|/|Laugh|n|Feel free to keep casting spells. If you wish to lose, that is.",
                          "|f|ChangeImageLayer|/|Expressions|/|Smile|n|Oh please, you think to best me with {i}magic?{/i}",
                         "EndLoop"
                      ]
        },
        {
          "NameOfScene": "ElectrifyResponse",
          "theScene": [
                         "Speaks", "SwapLineIf", "Random",
                         "|f|ChangeImageLayer|/|Expressions|/|Surprise|n|Kyah!",
                         "|f|ChangeImageLayer|/|Expressions|/|Surprise|n|Eep!",
                         "|f|ChangeImageLayer|/|Expressions|/|Surprise|n|Stop that!",
                         "EndLoop"
                      ]
        },
        {
          "NameOfScene": "BindResponse",
          "theScene": [
                         "Speaks", "SwapLineIf", "Random",
                          "|f|ChangeImageLayer|/|Expressions|/|FuckMeBigSmile|n|I hope you don't expect this to keep me down for long?",
                          "|f|ChangeImageLayer|/|Expressions|/|FuckMeSmile|n|'Oh no, I'm trapped.'",
                          "|f|ChangeImageLayer|/|Expressions|/|FuckMeNeutral|n|This isn't your entire plan, is it?",
                         "EndLoop"
                      ]
        },
        {
          "NameOfScene": "WhipResponse",
          "theScene": [
                         "Speaks", "SwapLineIf", "Random",
                         "|f|ChangeImageLayer|/|Expressions|/|Surprise|n|Kyah!",
                         "|f|ChangeImageLayer|/|Expressions|/|Surprise|n|Eep!",
                         "|f|ChangeImageLayer|/|Expressions|/|Surprise|n|Stop that!",
                         "EndLoop"
                      ]
        },
        {
          "NameOfScene": "DemonLayerResponse",
          "theScene": [
                         "Speaks", "SwapLineIf", "Random",
                         "|f|ChangeImageLayer|/|Expressions|/|Surprise|n|Kyah! What was-",
                         "|f|ChangeImageLayer|/|Expressions|/|Surprise|n|Eep! Wait-",
                         "|f|ChangeImageLayer|/|Expressions|/|Surprise|n|Stop! What-",
                         "EndLoop"
                      ]
        },
        {
          "NameOfScene": "HeadpatResponse",
          "theScene": [
                         "Perephania's cap jiggles lightly as you pet it.",
                         "Speaks", "SwapLineIf", "Random",
                          "Uh... I...",
                          "That's... Uh...",
                          "Wha... What...?",
                         "EndLoop",
                         "She clears her throat and reigns in her surprised expression, but her blush remains."
                      ]
        },
        {
          "NameOfScene": "LineTrigger Orgasm",
          "theScene": [
                         "******************************************"
                      ]
        },
        {
          "NameOfScene": "KissingOrgasm",
          "theScene": [
                         "Speaks", "SwapLineIf", "Random",
                          "Mmmhmhmhm~",
                          "Hmhm~ Mmwah",
                          "Mmm~ Mwah~ Hm~",
                         "EndLoop",
                         "SwapLineIf", "Random",
                          "|f|ChangeImageLayer|/|Expressions|/|FuckMeKiss|n|Perephania chuckles into your kiss, her tongue twirling around yours as you paint her skin white with your seed.",
                          "|f|ChangeImageLayer|/|Expressions|/|FuckMeKiss|n|Perephania giggles as she squeezes your tongue between her lips, your hips bucking as you cum against her body.",
                          "|f|ChangeImageLayer|/|Expressions|/|Kiss|n|Perephania purrs into your mouth as you cum, her tongue sliding between your lips as she teases you.",
                         "EndLoop"
                      ]
        },
        {
          "NameOfScene": "EmbraceOrgasm",
          "theScene": [
                         "SwapLineIf", "Random",
                          "Perephania lets out a chuckle as you cum against her body, your seed shooting across her skin.",
                          "Perephania giggles as your cum spurts against her body, before pulling you tighter against her.",
                          "Perephania lets out a laugh as your load sprays onto her skin, a look of delight on her face.",
                         "EndLoop",
                         "Speaks", "SwapLineIf", "Random",
                          "|f|ChangeImageLayer|/|Expressions|/|Aroused|n|Good~ Spurt out your tribute to me~",
                          "|f|ChangeImageLayer|/|Expressions|/|Neutral|n|Very good~ Show me how much you want me~",
                          "|f|ChangeImageLayer|/|Expressions|/|Smile|n|Don't hold back. Every loss will make your {i}inevitable{/i} victory sweeter~",
                         "EndLoop"
                      ]
        },
        {
          "NameOfScene": "SwirlingOrgasm",
          "theScene": [
                         "SwapLineIf", "Random",
                          "You groan as the vortex of water around your cock becomes too much to handle, your hips bucking as the stimulation overwhelms you, cum shooting from your tip into its swirling mass.",
                          "You buck and writhe as the swirling vortex around your cock becomes too much to handle, cum bursting out of you into the spinning water.",
                          "The stimulation of the water embracing your manhood is too much for you to endure, ropes of semen flowing out of your tip into the swirling mass.",
                         "EndLoop",
                         "Speaks", "SwapLineIf", "Random",
                          "|f|ChangeImageLayer|/|Expressions|/|BigSmile|n|Come on~ Are you even trying to fight back?",
                          "|f|ChangeImageLayer|/|Expressions|/|BigSmile|n|Hmm~ Do you even want to win?",
                          "|f|ChangeImageLayer|/|Expressions|/|Smile|n|Oh dear, you'll never win against me like this~ You can't even win against some water~",
                         "EndLoop"
                      ]
        },
        {
          "NameOfScene": "OtherOrgasm",
          "theScene": [
                         "|f|ChangeImageLayer|/|Expressions|/|Surprise|n|",
                         "Speaks", "SwapLineIf", "Random",
                          "Wha-?",
                          "Huh-?",
                          "Hmm?",
                         "EndLoop",
                         "Speaks", "SwapLineIf", "Random",
                          "|f|ChangeImageLayer|/|Expressions|/|Laugh|n|Pff- That's- {i}Really?{/i}",
                          "|f|ChangeImageLayer|/|Expressions|/|FuckMeBigSmile|n|{i}really?{/i} Please, darling, you make this too easy~",
                          "|f|ChangeImageLayer|/|Expressions|/|FuckMeNeutral|n|Oh that is {i}adorable~{/i}",
                         "EndLoop"
                      ]
        },
        {
          "NameOfScene": "LineTrigger Mechanical",
          "theScene": [
                         "******************************************"
                      ]
        },
        {
          "NameOfScene": "NoVenom",
          "theScene": [
                         ""
                      ]
        },
        {
          "NameOfScene": "ApplyVenom",
          "theScene": [
                         "IfHasPerk", "Stinging Love", "VenomIncrease",
                         "As you touch Perephania, an odd tingle spreads across your skin, which slowly turns into an intense throbbing heat, small welts forming where your skin touches hers.",
                         "GivePerkQuietly", "Stinging Love"
                      ]
        },
        {
          "NameOfScene": "ApplyVenomKiss",
          "theScene": [
                         "IfHasPerk", "Stinging Love", "VenomIncrease",
                         "As your lips press against Perephania's, a throbbing heat starts to build in your mouth.",
                         "GivePerkQuietly", "Stinging Love"
                      ]
        },
        {
          "NameOfScene": "ApplyVenomKissed",
          "theScene": [
                         "IfHasPerk", "Stinging Love", "VenomIncrease",
                         "As Perephania's lips press against you, a throbbing heat starts to build on your skin.",
                         "GivePerkQuietly", "Stinging Love"
                      ]
        },
        {
          "NameOfScene": "VenomIncrease",
          "theScene": [
                         "ApplyStatusEffect", "Aphrodisiac"
                      ]
        },
        {
          "NameOfScene": "RoundEndCheck",
          "theScene": [
                         "IfPlayerHasStance", "Embrace", "CheckCharm",
                         "IfHasPerk", "StingingLove", "VenomIncrease"
                      ]
        },
        {
          "NameOfScene": "CheckCharm",
          "theScene": [
                         "IfPlayerHasStatusEffect", "Charm", "Indulge",
                         "IfHasPerk", "StingingLove", "VenomIncrease"
                      ]
        },
        {
          "NameOfScene": "Indulge",
          "theScene": [
                         "SwapLineIf", "Random",
                          "You can't help but play with Perephania's body, your hands moving mindlessly as you enjoy her softness.",
                          "Your hands trail thoughtlessly across Perephania's body, indulging in her squishy form.",
                          "You grope and squeeze Perephania's body idly, lost in her sinfully soft embrace.",
                         "EndLoop",
                         "HitPlayerWith", "IndulgantSqueeze",
                         "IfHasPerk", "StingingLove", "VenomIncrease"
                      ]
        },
        {
          "NameOfScene": "KissResponse",
          "theScene": [
                         "Speaks", "SwapLineIf", "Random",
                          "Mm~ Mwah~",
                          "Aahm~ Mn~",
                          "Mmm~ Mwah~",
                         "EndLoop",
                         "IfMonsterHasPerk", "Hubris", "NoVenom",
                         "JumpToScene", "ApplyVenomKissed"
                      ]
        },
        {
          "NameOfScene": "PenetrationResponse",
          "theScene": [
                         "SkipPlayerAttack", 
                         "As you make for her towards her, Perephania slips back, a curtain of water spraying up from the ground between you to block your advance.",
                         "ClearStances",
                         "Speaks", "SwapLineIf", "Random",
                          "|f|ChangeImageLayer|/|Expressions|/|FuckMeBigSmile|n|Not until you {i}win{/i}, darling~",
                          "|f|ChangeImageLayer|/|Expressions|/|FuckMeBigSmile|n|Put in the work first, dear~",
                          "|f|ChangeImageLayer|/|Expressions|/|FuckMeBigSmile|n|It won't be {i}that{/i} easy, darling.",
                         "EndLoop"
                      ]
        },
        {
          "NameOfScene": "Stat Check",
          "theScene": [
                         "******************************************"
                      ]
        },
        {
          "NameOfScene": "RoundStartCheck",
          "theScene": [
                         "IfHasPerk", "Swirly", "BreakCheck",
                         "IfPlayerHasStatusEffect", "Restrain", "GiveSwirly",
                         ""
                      ]
        },
        {
          "NameOfScene": "GiveSwirly",
          "theScene": [
                         "|f|ChangeImageLayer|/|Expressions|/|LipLick|n|Perephania gestures towards your crotch, and you let out a groan as a swirling mass of water engulfs your manhood.",
                         "HitPlayerWith", "SwirlingTide"
                      ]
        },
        {
          "NameOfScene": "BreakCheck",
          "theScene": [
                         "IfPlayerHasStatusEffect", "Surrender", "SwirlingLose",
                         "Menu",
                         "Struggle against the water!",
                         "Surrender to the swirling water. (Surrender)",
                         "EndLoop"
                      ]
        },
        {
          "NameOfScene": "Struggle against the water!",
          "theScene": [
                         "You struggle aginst the chains of water...",
                         "StatCheck", "ChangeStatCheckDifficulty", "IfPlayerHasStatusEffect", "Charm", "10",
                         "Power", "10",
                         "BreakBinding", "Fail", "FailBreak"
                      ]
        },
        {
          "NameOfScene": "BreakBinding",
          "theScene": [
                         "And break through the bindings, all of the water clinging to your body bursting away in a spray.",
                         "RemoveStatusEffect", "Restrain",
                         "Perephania steps back as you climb to your feet.",
                         "Speaks",
                         "|f|ChangeImageLayer|/|Expressions|/|Surprise|n|Oh, well done!",
                         "Speaks",
                         "|f|ChangeImageLayer|/|Expressions|/|BigSmile|n|Lets see if you can keep it up~"
                      ]
        },
        {
          "NameOfScene": "FailBreak",
          "theScene": [
                         "|f|ChangeImageLayer|/|Expressions|/|BigSmile|n|But the stimulation from the water swirling around your manhood breaks your concentration, leaving you groaning on the ground.",
                         "HitPlayerWith", "SwirlingTide",
                         "|f|ChangeImageLayer|/|Expressions|/|FuckMeBigSmile|n|",
                         "Speaks",
                         "SwapLineIf", "Random",
                          "Hah! Struggle more for me~",
                          "Hmhm~ Maybe you should just give up?",
                          "Oh no, Is this too much for you~?",
                         "EndLoop"
                      ]
        },
        {
          "NameOfScene": "StanceStruggle",
          "theScene": [
                         "******************************************"
                      ]
        },
        {
          "NameOfScene": "MakeOutStruggle",
          "theScene": [
                         "SwapLineIf", "Random",
                          "You try to break the kiss...",
                          "You struggle to escape Perephania's lips...",
                          "You attempt to push Perephania away...",
                         "EndLoop"
                      ]
        },
        {
          "NameOfScene": "MakeOutStruggleFail",
          "theScene": [
                         "SwapLineIf", "Random",
                          "But she pulls you back in before you can break away.",
                          "But your will to escape breaks first.",
                          "But her grip on you is too strong.",
                         "EndLoop"
                      ]
        },
        {
          "NameOfScene": "MakeOutStruggleComment",
          "theScene": [
                         "Speaks", "SwapLineIf", "Random",
                          "Mmhmm~ Mnah~",
                          "Hmhm~ Mm~",
                          "NmMm~ Mwah~",
                         "EndLoop"
                      ]
        },
        {
          "NameOfScene": "MakeOutStruggleSuccess",
          "theScene": [
                         "Speaks","SwapLineIf", "Random",
                          "And manage to escape her grasp!",
                          "And she reluctantly lets you go.",
                          "And you manage to break free!",
                         "EndLoop"
                      ]
        },
        {
          "NameOfScene": "MakeOutStruggleSuccessComment",
          "theScene": [
                         "Speaks", "SwapLineIf", "Random",
                         "Mm~ Are you sure you don't want some more~?",
                         "Oh please, we both know you want more~",
                         "Hmm~ How about you come back here and let me give you what you really want~?",
                        "EndLoop",
                        "IfChoice", "69", "KissRefused", "Refuse",
                        "Menu",
                          "Return to her. (Lose)",
                          "Refuse",
                        "EndLoop"
                      ]
        },
        {
          "NameOfScene": "Refuse",
          "theScene": [
                         "SetChoice", "69", "KissRefused"
                      ]
        },
        {
          "NameOfScene": "EmbraceStruggle",
          "theScene": [
                         "SwapLineIf", "Random",
                         "You try to pull your hands from Perephania's body...",
                         "You muster your will to still your hands...",
                         "You try to convince yourself to let go...",
                        "EndLoop"
                      ]
        },
        {
          "NameOfScene": "EmbraceStruggleFail",
          "theScene": [
                         "SwapLineIf", "Random",
                         "But her impeccable softness is too much to escape!",
                         "But the tempation to squeeze is too much to resist!",
                         "But you can't stop yourself from indulging in her squishy form!",
                        "EndLoop"
                      ]
        },
        {
          "NameOfScene": "EmbraceStruggleComment",
          "theScene": [
                         "Speaks", "SwapLineIf", "Random",
                         "Squeeze me more~",
                         "Is touching really enough for you~?",
                         "Don't give up too easily~",
                        "EndLoop"
                      ]
        },
        {
          "NameOfScene": "EmbraceStruggleSuccess",
          "theScene": [
                         "SwapLineIf", "Random",
                         "And reluctantly release her from your grasp.",
                         "And regretfully let go of her.",
                         "And eventually convince yourself to let go.",
                        "EndLoop"
                      ]
        },
        {
          "NameOfScene": "EmbraceStruggleSuccessComment",
          "theScene": [
                         "Speaks", "SwapLineIf", "Random",
                         "Good~ If you win, you'll get as much as you want~",
                         "That's it, do your best~",
                         "Good~ Keep trying to win~",
                        "EndLoop"
                      ]
        },
        {
          "NameOfScene": "Loss Scenes",
          "theScene": [
                         "******************************************"
                      ]
        },
        {
          "NameOfScene": "Surrender",
          "theScene": [
                         "IfPlayerHasStance", "Embrace", "SurrenderEmbrace",
                         "IfPlayerHasStance", "Making Out", "SurrenderMakeOut",
                         "JumpToScene", "SurrenderEnd"
                      ]
        },
        {
          "NameOfScene": "SurrenderEmbrace",
          "theScene": [
                         "ChangeImageLayer", "Expressions", "FuckMeNeutral",
                         "The moment Perephania realizes you've stopped resisting, she pushes you away, her eyes narrowed.",
                         "JumpToScene", "SurrenderEnd"
                      ]
        },
        {
          "NameOfScene": "SurrenderMakeOut",
          "theScene": [
                         "ChangeImageLayer", "Expressions", "FuckMeNeutral",
                         "The moment Perephania realizes you've stopped resisting, she breaks your kiss and pushes you away, her eyes narrowed.",
                         "JumpToScene", "SurrenderEnd"
                      ]
        },
        {
          "NameOfScene": "SwirlingLose",
          "theScene": [
                         "ChangeImageLayer", "Expressions", "FuckMeNeutral",
                         "The moment Perephania realizes you've stopped struggling, the water circling your shaft fades away, as her eyes narrow.",
                         "JumpToScene", "SurrenderEnd"
                      ]
        },
        {
          "NameOfScene": "SurrenderEnd",
          "theScene": [
                         "ChangeImageLayer", "Expressions", "FuckMeNeutral",
                         "Speaks",
                         "What, you're just {i}giving up?{/i}",
                         "Speaks",
                         "That will not do, [ThePlayerName], I want you to give this your full effort. If you think I'll so much as {i}punish{/i} you for this, you are sorely mistaken.",
                         "She walks back to her chair, leaving you to follow dejectedly behind her.",
                         "Speaks",
                         "You're welcome to try again, but {i}please{/i} do not repeat this, alright?",
                         "ClearPlayerStatusEffects",
                         "ClearMonsterEncounter",
                         "ClearStances",
                         "JumpToEventThenScene", "Visit Perephania", "TalkMenu"
                      ]
        },
        {
          "NameOfScene": "CheckSurrender",
          "theScene": [
                         "IfPlayerHasStatusEffect", "Surrender", "SurrenderLoss",
                         "IfPlayerHasStatusEffect", "Restrain", "NoContactLoss",
                         "JumpToScene", "RestrainThenLoss"
                      ]
        },
        {
          "NameOfScene": "RestrainThenLoss",
          "theScene": [
                         "ChangeImageLayer", "Expressions", "FuckMeSmile",
                         "Perephania giggles softly as you collapse into her. The room spins as she turns around, pushing you gently onto the bed.",
                         "ChangeImageLayer", "Expressions", "FuckBigSmile",
                         "Speaks",
                         "Time for your {i}punishment{/i}, darling.",
                         "ChangeImageLayer", "Expressions", "Neutral",
                         "She gestures and ropes of water coil up over your limbs, holding you in place as she climbs onto the bed between your legs, lowering her head over your crotch,, her mouth poised over your member.",
                         "ClearMonsterEncounter",
                         "ClearPlayerStatusEffects",
                         "ClearStances",
                         "JumpToEventThenScene", "PerephaniaPostCombat", "LossSuck"
                      ]
        },
        {
          "NameOfScene": "NoContactLoss",
          "theScene": [
                         "ChangeImageLayer", "Expressions", "FuckMeSmile",
                         "Perephania giggles as you slump to the ground, and the swirling vortex of water around your manhood dissipates with a splash. The jellyfish girl gestures, and the ropes of water around your limbs lift you up and deposit you on the bed, where they lock down once more.",
                         "ChangeImageLayer", "Expressions", "FuckBigSmile",
                         "Speaks",
                         "Time for your {i}punishment{/i}, darling.",
                         "ChangeImageLayer", "Expressions", "Neutral",
                         "She climbs onto the bed between your legs, lowering her head over your crotch, her lips poised above your member.",
                         "ClearMonsterEncounter",
                         "ClearPlayerStatusEffects",
                         "ClearStances",
                         "JumpToEventThenScene", "PerephaniaPostCombat", "LossSuck"
                      ]
        },
        {
          "NameOfScene": "SurrenderLoss",
          "theScene": [
                         "ClearMonsterEncounter", "ClearPlayerStatusEffects", "ClearStances", "JumpToEventThenScene", "Visit Perephania", "TalkMenu"
                      ]
        },
        {
          "NameOfScene": "Return to her. (Lose)",
          "theScene": [
                         "ClearMonsterEncounter", "ClearPlayerStatusEffects", "ClearStances", "JumpToEventThenScene", "PerephaniaPostCombat", "KissSurrender"
                      ]
        },
        {
          "NameOfScene": "Wrong Name",
          "theScene": [ 
                         "If you're seeing this, you named something wrong."
                      ]
        }
    ]
}