{
    "name": "PerephaniaPostCombat",
    "CardType": "Event",
    "CardLimit": "0",
    "Description": "",
    "requires": [ ""],
    "Speakers": [
        {
          "name": "Perephania",
          "postName": "",
          "SpeakerType": "Monster"
        }
      ],
    "EventText": [
        {
          "NameOfScene": "Victory",
          "theScene": [
                         "SetChoice", "1", "HasWon",
                         "ClearPlayerStatusEffects",
                         "ClearStances",
                         "JumpToEventThenScene", "Visit Perephania", "PostCombatVictory"
                      ]
        },
        {
          "NameOfScene": "LossSuck",
          "theScene": [
                         "SetChoice", "2", "HasLost",
                         "ClearPlayerStatusEffects",
                         "ClearStances",
                         "JumpToEventThenScene", "Visit Perephania", "MeanSuckLossIntro"
                      ]
        },
        {
          "NameOfScene": "KissSurrender",
          "theScene": [
                         ""
                      ]
        },
        {
          "NameOfScene": "Wrong Name",
          "theScene": [ 
                         "Is this broken?"
                      ]
        }
    ]
}