{
    "name": "Azure Kisses",
    "cost": "5",
    "costType": "ep",
    "requiredLevel": "0",
    "learningCost": "0",
    "skillType": "attack",
    "statType": "Allure",
    "requiredStat": "0",
    "skillTags": [ "Seduction", "Magic"],
    "fetishTags": [ "Kissing"],
    "startsStance": "",
    "requiresStance": "Penetration",
    "unusableIfStance": [ "Face Sit", "Footjob", "Titfuck", "Thighjob", "Footjob"],
    "requiresTargetStance": [ "Any"],
    "unusableIfTarget": [ "Face Sit"],
    "removesStance": "None",
    "requiresStatusEffect": "None",
    "requiresStatusPotency": "0",
    "unusableIfStatusEffect": [ "None"],
    "power": "20",
    "minRange": "90",
    "maxRange": "110",
    "recoil": "0",
    "targetType": "single",
    "statusEffect": "",
    "statusChance": "100",
    "statusDuration": "0",
    "statusPotency": "0",
    "statusResistedBy": "Willpower",
    "statusText": "",
    "descrip": "Kiss your opponent.",
    "outcome": "Sirje licks her soft azure lips before peppering [ThePlayerName] with soft, wet smooches, each one leaving behind a blue lipstick mark.|n||f|CallCombatEventAndScene|/|SirjeCombat|/|KissDrain|n|",
    "miss": "Sirje peppers [ThePlayerName]'s cheeks with kisses, but [TargetHeOrShe] manages to endure the assault.|n||f|CallCombatEventAndScene|/|SirjeCombat|/|KissDrain|n|",
    "statusOutcome": "",
    "statusMiss": "",
    "restraintStruggle": "",
    "restraintStruggleCharmed": "",
    "restraintEscaped": "",
    "restraintEscapedFail": ""
}
