{
    "name": "Burning Kisses",
    "cost": "0",
    "costType": "ep",
    "requiredLevel": "0",
    "learningCost": "0",
    "skillType": "attack",
    "statType": "Allure",
    "requiredStat": "0",
    "skillTags": [ "Mouth"],
    "fetishTags": [ "Kissing"],
    "startsStance": "",
    "requiresStance": "Any",
    "unusableIfStance": [ "Blowjob", "Face Sit", "Footjob", "Titfuck", "Making Out"],
    "requiresTargetStance": [ "Any"],
    "unusableIfTarget": [ "Face Sit"],
    "removesStance": "None",
    "requiresStatusEffect": "None",
    "requiresStatusPotency": "0",
    "unusableIfStatusEffect": [ "Sleep"],
    "power": "20",
    "minRange": "90",
    "maxRange": "110",
    "recoil": "0",
    "targetType": "single",
    "statusEffect": "",
    "statusChance": "1000",
    "statusDuration": "0",
    "statusPotency": "0",
    "statusResistedBy": "Willpower",
    "statusText": "",
    "descrip": "Kiss your opponent.",
    "outcome": "[AttackerName] peppers [TargetName]'s face and lips with light, venom spiked kisses, leaving tingly welts behind that fill [TargetHimOrHer] with throbbing heat.",
    "miss": "[AttackerName] tries to kiss [TargetName], but [TargetHeOrShe] keeps out of reach.",
    "statusOutcome": "|f|CallCombatEventAndScene|/|PerephaniaFight|/|KissResponse|n|",
    "statusMiss": "",
    "restraintStruggle": "",
    "restraintStruggleCharmed": "",
    "restraintEscaped": "",
    "restraintEscapedFail": ""
}
