{
    "name": "Numbing Nuzzle",
    "cost": "0",
    "costType": "ep",
    "requiredLevel": "0",
    "learningCost": "0",
    "skillType": "attack",
    "statType": "Allure",
    "statusEffectScaling": "50",
    "requiredStat": "0",
    "skillTags": [ "Mouth"],
    "fetishTags": [ "Kissing"],
    "startsStance": "",
    "requiresStance": "Any",
    "unusableIfStance": [ "Blowjob", "Making Out"],
    "requiresTargetStance": [ "Any"],
    "unusableIfTarget": [ "Face Sit"],
    "removesStance": "None",
    "requiresStatusEffect": "None",
    "requiresStatusPotency": "0",
    "unusableIfStatusEffect": [ "Sleep"],
    "power": "10",
    "minRange": "90",
    "maxRange": "110",
    "recoil": "0",
    "targetType": "single",
    "statusEffect": "Paralysis",
    "statusChance": "100",
    "statusDuration": "99",
    "statusPotency": "1",
    "statusResistedBy": "Willpower",
    "statusText": "",
    "descrip": "Kiss your opponent.",
    "outcome": "[AttackerName] gently nuzzles into [TargetName]'s neck, delivering a numbing kiss that leaves [TargetHimOrHer] with only a sensation of heat.",
    "miss": "[AttackerName] tries to smooch [TargetName], but [TargetHeOrShe] keeps out of reach.",
    "statusOutcome": "[TargetName]'s body feels increasingly numb and unresponsive!|f|CallCombatEventAndScene|/|PerephaniaFight|/|KissResponse|n|",
    "statusMiss": "",
    "restraintStruggle": "",
    "restraintStruggleCharmed": "",
    "restraintEscaped": "",
    "restraintEscapedFail": ""
}
