{
    "name": "Prideful Kiss",
    "cost": "0",
    "costType": "ep",
    "requiredLevel": "0",
    "learningCost": "50",
    "skillType": "attack",
    "statType": "Allure",
    "requiredStat": "0",
    "skillTags": [ "Mouth"],
    "fetishTags": [ "Kissing"],
    "startsStance": "Making Out",
    "requiresStance": "Any",
    "unusableIfStance": [ "Making Out", "Face Sit",  "Breast Smother", "Nursing", "Blowjob"],
    "requiresTargetStance": [ "Any"],
    "unusableIfTarget": [ "Making Out", "Face Sit", "Breast Smother", "Titfuck", "Footjob"],
    "removesStance": "None",
    "requiresStatusEffect": "None",
    "requiresStatusPotency": "0",
    "unusableIfStatusEffect": [ "Sleep"],
    "power": "15",
    "minRange": "90",
    "maxRange": "110",
    "recoil": "0",
    "targetType": "single",
    "statusEffect": "",
    "statusChance": "1000",
    "statusDuration": "0",
    "statusPotency": "0",
    "statusResistedBy": "",
    "statusText": "",
    "descrip": "Start making out with an opponent.",
    "outcome": "[AttackerName] leans forward, sensually wrapping [AttackerHisOrHer] arms around the back of [TargetName]'s neck, and pulls [TargetHimOrHer] into an deep intimate makeout session, sending a shiver of pleasure through [TargetName] as [AttackerName] proudly gazes into [TargetHisOrHer] eyes and [AttackerHisOrHer] tongue domineeringly invades [TargetHisOrHer] mouth.",
    "miss": "[AttackerName] leans forward, and tries to sensually wrap [AttackerHisOrHer] arms around the back of [TargetName]'s neck, but [TargetName] keeps enough distance between them!",
    "statusOutcome": "|f|CallCombatEventAndScene|/|PerephaniaFight|/|KissResponse|n|",
    "statusMiss": "",
    "restraintStruggle": "",
    "restraintStruggleCharmed": "",
    "restraintEscaped": "",
    "restraintEscapedFail": ""
}
