{
    "name": "Sensitizing Sting",
    "cost": "0",
    "costType": "ep",
    "requiredLevel": "0",
    "learningCost": "0",
    "skillType": "attack",
    "statType": "Allure",
    "statusEffectScaling": "0",
    "requiredStat": "0",
    "skillTags": [ "Mouth"],
    "fetishTags": [ "Kissing"],
    "startsStance": "",
    "requiresStance": "Any",
    "unusableIfStance": [ "Blowjob", "Face Sit", "Footjob"],
    "requiresTargetStance": [ "Any"],
    "unusableIfTarget": [ "Face Sit"],
    "removesStance": "None",
    "requiresStatusEffect": "None",
    "requiresStatusPotency": "0",
    "unusableIfStatusEffect": [ "Sleep"],
    "power": "20",
    "minRange": "90",
    "maxRange": "110",
    "recoil": "0",
    "targetType": "single",
    "statusEffect": "Defence",
    "statusChance": "100",
    "statusDuration": "2",
    "statusPotency": "-50",
    "statusResistedBy": "Willpower",
    "statusText": "Sensitizing Smooch",
    "descrip": "Kiss your opponent.",
    "outcome": "[AttackerName] gives [TargetName] a long drawn out kiss on the lips, and [TargetHisOrHer] mind clouds with burning arousal until with a satisfying smack, [AttackerName] pulls away licking [AttackerHisOrHer] lips with a sly smile, her venomous lips leaving a patch of sensitive skin behind.",
    "miss": "[AttackerName] tries to smooch [TargetName], but [TargetHeOrShe] keeps out of reach.",
    "statusOutcome": "[TargetName] shivers with a gasp at [TargetHisOrHer] freshly sensitized skin!|f|CallCombatEventAndScene|/|PerephaniaFight|/|KissResponse|n|",
    "statusMiss": "",
    "restraintStruggle": "",
    "restraintStruggleCharmed": "",
    "restraintEscaped": "",
    "restraintEscapedFail": ""
}
