{
    "name": "Stunning Smooch",
    "cost": "0",
    "costType": "ep",
    "requiredLevel": "0",
    "learningCost": "0",
    "skillType": "attack",
    "statType": "Allure",
    "statusEffectScaling": "50",
    "requiredStat": "0",
    "skillTags": [ "Mouth"],
    "fetishTags": [ "Kissing"],
    "startsStance": "",
    "requiresStance": "Making Out",
    "unusableIfStance": [ "Blowjob", "Face Sit", "Footjob"],
    "requiresTargetStance": [ "Any"],
    "unusableIfTarget": [ "Face Sit"],
    "removesStance": "Making Out",
    "requiresStatusEffect": "None",
    "requiresStatusPotency": "0",
    "unusableIfStatusEffect": [ "Sleep"],
    "power": "20",
    "minRange": "90",
    "maxRange": "110",
    "recoil": "0",
    "targetType": "single",
    "statusEffect": "Stun",
    "statusChance": "200",
    "statusDuration": "2",
    "statusPotency": "1",
    "statusResistedBy": "Willpower",
    "statusText": "",
    "descrip": "Kiss your opponent.",
    "outcome": "[AttackerName] gives [TargetName] a long drawn out kiss on the lips, and with a satisfying smack that sends [TargetHisOrHer] mind into a jumbled daze, [AttackerName] pulls away from the make out session licking [AttackerHisOrHer] lips with a proud smile.",
    "miss": "[AttackerName] tries to smooch [TargetName], but [TargetHeOrShe] keeps out of reach.",
    "statusOutcome": "|f|CallCombatEventAndScene|/|PerephaniaFight|/|KissResponse|n|",
    "statusMiss": "",
    "restraintStruggle": "",
    "restraintStruggleCharmed": "",
    "restraintEscaped": "",
    "restraintEscapedFail": ""
}
