{
    "name": "Dignity",
    "description": "Haughty spirit before a fall.",

    "LevelReq": "0",
    "PerkReq": [ ""],
    "StatReq": [ ""],
    "StatReqAmount": [ "0"],

    "PerkType": ["StatusIcon", "Power", "Technique", "Intelligence", "Willpower", "Allure", "Luck", "SexSensitivity", "AssSensitivity", "BreastsSensitivity", "MouthSensitivity", "SeductionSensitivity", "MagicSensitivity", "PainSensitivity"],
    "EffectPower": ["../Mods/Fluffy Extended Universe/Images/Dignity.png", "30", "40", "40", "40", "50", "20", "-25", "-25", "-25", "-25", "-25", "-25", "-25"],

    "PlayerCanPurchase": "No"
}
