{
    "name": "Pride",
    "description": "Pride goeth before destruction.",

    "LevelReq": "0",
    "PerkReq": [ ""],
    "StatReq": [ ""],
    "StatReqAmount": [ "0"],

    "PerkType": ["StatusIcon", "Power", "Technique", "Intelligence", "Willpower", "Allure", "Luck", "SexSensitivity", "AssSensitivity", "BreastsSensitivity", "MouthSensitivity", "SeductionSensitivity", "MagicSensitivity", "PainSensitivity"],
    "EffectPower": ["../Mods/Fluffy Extended Universe/Images/Pride.png", "60", "80", "80", "80", "100", "40", "-50", "-50", "-50", "-50", "-50", "-50", "-50"],

    "PlayerCanPurchase": "No"
}
