{
    "name": "Lonely Hum",
    "Description": "SirjeImplementationAdv",
    "requires": [ "Blue feather"],
    "MusicList": [ ""],
    "Deck": [
        "Event", "Lonely Hum"
    ],
    "RandomEvents": [ ""],
    "RandomMonsters": [ "Sirje"],
    "MonsterGroups": [
        {
            "Group": [ ""]
        }
    ],
    "Treasure": [
        {
            "Common": [ "Calming Potion"]
        },
        {
            "Uncommon": [ "Calming Potion"]
        },
        {
            "Rare": [ "Calming Potion"]
        }
    ],
    "Eros": [
        {
            "Common": "1"
        },
        {
            "Uncommon": "1"
        },
        {
            "Rare": "1"
        }
    ]
}