{
    "name": "Visit Sirje",
    "Description": "Visit Sirje",
    "requires": [ ""],
    "requiresEvent": [
        {
        "NameOfEvent": "Lonely Hum",
        "Progress": "-99",
        "ChoiceNumber": "99",
        "Choice": "NotFirstTime"
        }
      ],
    "MusicList": [ ""],
    "Deck": [
        "Event", "Visit Sirje"
    ],
    "RandomEvents": [ ""],
    "RandomMonsters": [ "Sirje"],
    "MonsterGroups": [
        {
            "Group": [ ""]
        }
    ],
    "Treasure": [
        {
            "Common": [ "Calming Potion"]
        },
        {
            "Uncommon": [ "Calming Potion"]
        },
        {
            "Rare": [ "Calming Potion"]
        }
    ],
    "Eros": [
        {
            "Common": "1"
        },
        {
            "Uncommon": "1"
        },
        {
            "Rare": "1"
        }
    ]
}