{
    "FetishList": [
        {
            "Name": "Edging",
            "BaseLevel": "0",
            "Type": "Fetish",
            "CreationOn": "Really? You prefer {i}not{/i} to finish?",
            "CreationOff": "That would be a bit strange wouldn't it.",
            "ToolTip": "How much you enjoy being edged.\n\nVerdict:",
            "LevelText": [
              ["0", "You have yet to acquire a fetish for edging."],
              ["25", "You have a fetish for edging."],
              ["50", "You have a strong fetish for edging."],
              ["75", "You have a very strong fetish for edging."],
              ["100", "You are completely obsessed with edging."]
            ]
            }
    ]
}