{
    "name": "Lazy Temptation",
    "cost": "5",
    "costType": "ep",
    "requiredLevel": "0",
    "learningCost": "0",
    "skillType": "statusEffect",
    "statType": "Allure",
    "requiredStat": "0",
    "skillTags": ["Seduction"],
    "fetishTags": ["Sex"],
    "startsStance": "",
    "requiresStance": "Any",
    "unusableIfStance": ["Sex", "Smother"],
    "requiresTargetStance": ["Any"],
    "unusableIfTarget": ["Sex"],
    "removesStance": "None",
    "requiresStatusEffect": "None",
    "requiresStatusPotency": "0",
    "unusableIfStatusEffect": ["None"],
    "power": "10",
    "minRange": "90",
    "maxRange": "110",
    "recoil": "0",
    "targetType": "self",
    "statusEffect": "",
    "statusChance": "999",
    "statusDuration": "0",
    "statusPotency": "0",
    "statusResistedBy": "Willpower",
    "statusText": "",
    "descrip": "Caress your opponent.",
    "outcome": "",
    "miss": "",
    "statusOutcome": "|f|CallCombatEventAndScene|/|SirjeCombat|/|Lazy Temptation|n|",
    "statusMiss": "",
    "restraintStruggle": "",
    "restraintStruggleCharmed": "",
    "restraintEscaped": "",
    "restraintEscapedFail": ""
}
