{
    "name": "Phantom Fetters",
    "cost": "10",
    "costType": "ep",
    "requiredLevel": "0",
    "learningCost": "0",
    "skillType": "statusEffect",
    "statType": "Core",
    "requiredStat": "0",
    "skillTags": ["Seduction"],
    "fetishTags": ["Sex"],
    "startsStance": "",
    "requiresStance": "Any",
    "unusableIfStance": ["Penetration"],
    "requiresTargetStance": ["Any"],
    "unusableIfTarget": ["Penetration", "Blowjob"],
    "removesStance": "None",
    "requiresStatusEffect": "None",
    "requiresStatusPotency": "0",
    "unusableIfStatusEffect": ["None"],
    "power": "0",
    "minRange": "90",
    "maxRange": "110",
    "recoil": "0",
    "targetType": "single",
    "statusEffect": "Damage",
    "statusChance": "90",
    "statusDuration": "5",
    "statusPotency": "-20",
    "statusResistedBy": "Power",
    "statusText": "",
    "descrip": "Debuff.",
    "outcome": "",
    "miss": "",
    "statusOutcome": "[AttackerName]'s staff hovers from behind her, and with a twirl the air thickens around [TargetName], dragging on [TargetHisOrHer] limbs.",
    "statusMiss": "[AttackerName]'s staff hovers from behind her, and with a twirl the air thickens around [TargetName], but [TargetHeOrShe] pushes through like it isn't there.",
    "restraintStruggle": "",
    "restraintStruggleCharmed": "",
    "restraintEscaped": "",
    "restraintEscapedFail": ""
}
