{
    "name": "ResonantFrequencyExplode",
    "cost": "10",
    "costType": "ep",
    "requiredLevel": "0",
    "learningCost": "0",
    "skillType": "attack",
    "statType": "Core",
    "requiredStat": "0",
    "skillTags": ["Seduction"],
    "fetishTags": [""],
    "startsStance": "",
    "requiresStance": "Any",
    "unusableIfStance": ["Making Out"],
    "requiresTargetStance": ["Any"],
    "unusableIfTarget": ["Making Out"],
    "removesStance": "None",
    "requiresStatusEffect": "None",
    "requiresStatusPotency": "0",
    "unusableIfStatusEffect": ["None"],
    "power": "30",
    "minRange": "90",
    "maxRange": "110",
    "recoil": "0",
    "targetType": "single",
    "statusEffect": "Power",
    "statusChance": "100",
    "statusDuration": "5",
    "statusPotency": "-20",
    "statusResistedBy": "Power",
    "statusText": "",
    "descrip": "Debuff.",
    "outcome": "[AttackerName] hums softly, her magical voice sending pleasant shivers through [TargetName]'s body.|n||f|CallCombatEventAndScene|/|SirjeCombat|/|ResonantFrequency|n|",
    "miss": "",
    "statusOutcome": "",
    "statusMiss": "",
    "restraintStruggle": "",
    "restraintStruggleCharmed": "",
    "restraintEscaped": "",
    "restraintEscapedFail": ""
}
