{
    "name": "Smothering Haze",
    "cost": "10",
    "costType": "ep",
    "requiredLevel": "0",
    "learningCost": "0",
    "skillType": "statusEffect",
    "statType": "Core",
    "requiredStat": "0",
    "skillTags": ["Seduction"],
    "fetishTags": ["Sex"],
    "startsStance": "",
    "requiresStance": "Any",
    "unusableIfStance": ["Penetration"],
    "requiresTargetStance": ["Any"],
    "unusableIfTarget": ["Penetration", "Blowjob"],
    "removesStance": "None",
    "requiresStatusEffect": "None",
    "requiresStatusPotency": "0",
    "unusableIfStatusEffect": ["None"],
    "power": "0",
    "minRange": "90",
    "maxRange": "110",
    "recoil": "0",
    "targetType": "single",
    "statusEffect": "Willpower",
    "statusChance": "75",
    "statusDuration": "5",
    "statusPotency": "-15",
    "statusResistedBy": "Power",
    "statusText": "",
    "descrip": "Debuff.",
    "outcome": "",
    "miss": "",
    "statusOutcome": "[AttackerName] flaps her wings towards [TargetName], and a cloud of magical haze swirls out [TargetHimOrHer], each breathe leaving [TargetHisOrHer] thoughts hazy.",
    "statusMiss": "[AttackerName] flaps her wings towards [TargetName], but [TargetHeOrShe] holds [TargetHisOrHer] breath until the haze passes.",
    "restraintStruggle": "",
    "restraintStruggleCharmed": "",
    "restraintEscaped": "",
    "restraintEscapedFail": ""
}
