{
    "name": "Stifling Wings",
    "cost": "10",
    "costType": "ep",
    "requiredLevel": "0",
    "learningCost": "0",
    "skillType": "statusEffect",
    "statType": "Core",
    "requiredStat": "0",
    "skillTags": ["Seduction"],
    "fetishTags": ["Sex"],
    "startsStance": "",
    "requiresStance": "Any",
    "unusableIfStance": ["Penetration"],
    "requiresTargetStance": ["Any"],
    "unusableIfTarget": ["Penetration", "Blowjob"],
    "removesStance": "None",
    "requiresStatusEffect": "None",
    "requiresStatusPotency": "0",
    "unusableIfStatusEffect": ["None"],
    "power": "0",
    "minRange": "90",
    "maxRange": "110",
    "recoil": "0",
    "targetType": "single",
    "statusEffect": "Sleep",
    "statusChance": "90",
    "statusDuration": "5",
    "statusPotency": "15",
    "statusResistedBy": "Willpower",
    "statusText": "",
    "descrip": "Debuff.",
    "outcome": "",
    "miss": "",
    "statusOutcome": "[AttackerName] spreads her wings towards [TargetName], and a thick wave of magic washes over [TargetHimOrHer], weighing [TargetHimOrHer] down like a heavy blanket.",
    "statusMiss": "[AttackerName] spreads her wings towards [TargetName], but he resists the heavy wave of magic.",
    "restraintStruggle": "",
    "restraintStruggleCharmed": "",
    "restraintEscaped": "",
    "restraintEscapedFail": ""
}
