{
    "name": "SwirlingTide",
    "cost": "0",
    "costType": "ep",
    "requiredLevel": "0",
    "learningCost": "300",
    "skillType": "attack",
    "statType": "Intelligence",
    "statusEffectScaling": "25",
    "requiredStat": "7",
    "skillTags": [ "Magic"],
    "fetishTags": [ ""],
    "startsStance": "",
    "requiresStance": "Any",
    "unusableIfStance": [ "Face Sit", "Blowjob", "Sex", "Embrace", "Making Out"],
    "requiresTargetStance": [ "Any"],
    "unusableIfTarget": [ "Face Sit", "Sex"],
    "removesStance": "None",
    "requiresStatusEffect": "None",
    "requiresStatusPotency": "0",
    "unusableIfStatusEffect": [ "None"],
    "power": "20",
    "minRange": "80",
    "maxRange": "120",
    "recoil": "0",
    "targetType": "single",
    "statusEffect": "",
    "statusChance": "0",
    "statusDuration": "0",
    "statusPotency": "10",
    "statusResistedBy": "Power",
    "statusText": "Bound by chains of water.",
    "descrip": "Trap your foe with magical restraints!",
    "outcome": "",
    "miss": "",
    "statusOutcome": "",
    "statusMiss": "",
    "restraintStruggle": "",
    "restraintStruggleCharmed": "",
    "restraintEscaped": "",
    "restraintEscapedFail": ""
}
