{
    "name": "Tidal Bind",
    "cost": "10",
    "costType": "ep",
    "requiredLevel": "0",
    "learningCost": "300",
    "skillType": "statusEffect",
    "statType": "Intelligence",
    "statusEffectScaling": "25",
    "requiredStat": "7",
    "skillTags": [ "Magic"],
    "fetishTags": [ ""],
    "startsStance": "",
    "requiresStance": "Any",
    "unusableIfStance": [ "Face Sit", "Blowjob", "Sex", "Embrace", "Making Out"],
    "requiresTargetStance": [ "Any"],
    "unusableIfTarget": [ "Face Sit", "Sex"],
    "removesStance": "None",
    "requiresStatusEffect": "None",
    "requiresStatusPotency": "0",
    "unusableIfStatusEffect": [ "None"],
    "power": "0",
    "minRange": "0",
    "maxRange": "0",
    "recoil": "0",
    "targetType": "single",
    "statusEffect": "Restrain",
    "statusChance": "40",
    "statusDuration": "0",
    "statusPotency": "10",
    "statusResistedBy": "Power",
    "statusText": "Bound by chains of water.",
    "descrip": "Trap your foe with magical restraints!",
    "outcome": "",
    "miss": "",
    "statusOutcome": "[AttackerName] raises [AttackerHisOrHer] hand, conjuring ropes of water that rush towards [TargetName], pushing [TargetHimOrHer] to the ground!",
    "statusMiss": "[AttackerName] raises [AttackerHisOrHer] hand, sending ropes of water rushing towards [TargetName], but [TargetHeOrShe] dodges out of the way!",
    "restraintStruggle": "",
    "restraintStruggleCharmed": "",
    "restraintEscaped": "",
    "restraintEscapedFail": ""
}
