{
    "name": "Blank Event",
    "CardType": "",
    "CardLimit": "0",
    "Description": "",
    "requires": [ ""],
    "Speakers": [
        {
          "name": "Blank",
          "postName": "",
          "SpeakerType": "Monster"
        }
      ],
    "EventText": [
        {
          "NameOfScene": "Intro",
          "theScene": [
                         "Dummy Intro for playtesting",
                         "SetChoice", "1", ""
            ]
        },
        {
          "NameOfScene": "Blank",
          "theScene": [
                         ""
                      ]
        },
        {
          "NameOfScene": "Wrong Name",
          "theScene": [ 
                         "If you're seeing this, you named something wrong."
                      ]
        }
    ]
}