{
  "name": "'Bon Bon Bun'",
  "Addition": "Yes",
  "Speakers": [
      {
          "name": "Venefica",
          "postName": "",
          "SpeakerType": ""
      }
  ],
  "EventText": [
    {
      "NameOfScene": "Get a titfuck. (2500 eros.)",
      "theScene": [
                      "HasErosLessThan", "2500", "LacksFundsTittyFucking",
                      "ChangeEros",   "-2500",
                      "ChangeBGM", "music/Loss/Falling Down.mp3",
                      "ChangeImageLayer", "Expression", "1", "Smug",
                      "Trembling a little you give Venefica the eros and she smiles seductively, pocketing the money before kneeling down before your rigid cock with a predatory smile, her huge pressed together breasts right in front of your twitching erection while you gaze down at her in anticipation.",
                      "She gently grabs your hips in her smooth obsidian clad hands, and leans forward, letting her overflowing cleavage slowly envelope your rigid cock in its soft, warm embrace, forcing a quiet moan from your lips. Her outfit keeps her marshmallowy chocolate tits firmly pressed together, letting her easily bury your cock without needing to hold her impressive bust.",
                      "You can feel your dick throb with delight between her boobs, the smooth softness of her skin almost overwhelming with the innate pressure surrounding your length. You can't even see your tip right now with her chest so firmly pressed together, letting your every inch indulge in her skin's melty warm touch.",
                      "ChangeImageLayer", "Expression", "1", "Smile",
                      "Keeping a firm hold of your hips Venefica starts to move forward and back, lifting up a little with each motion, making you shiver as she starts to fuck your rigid erection with her pillowy tits without touching them, the overflowing softness surrounding and rubbing your manhood makes you shiver and gasp with her every jiggly movement.",
                      "Slowly and methodically she keeps doing this forward circular motion, the soft, uncontrolled impact of her chest on your groin sending warm radiating waves of pleasure through your hips, making you gasp with bliss while your stiff cock leaks precum, the urge to cum already starting to fill your brain.",
                      "ChangeImageLayer", "Expression", "1", "Smug",
                      "You try to thrust you hips in search of more stimulation, but her hands holding onto your waist keep you firmly in place, making you whimper with need, and you tear your eyes away from Venefica's wonderful cleavage long enough to see her gazing sternly at you with a slightly smug grin.",
                      "Speaks",
                      "You always let your cock do the thinking, don't you?",
                      "Moaning is all you can manage as she sways her upper body side to side, shaking her jiggly tits on your twitching dick, sending reverberating jolts of pleasure through your groin, the full length massage from her soft chocolate cleavage leaves your hips and manhood feeling like they're going to melt from the ecstasy.",
                      "ChangeImageLayer", "Expression", "1", "Smile",
                      "Speaks",
                      "There's no shame in it. It's just the truth. All men want to get their dicks {i}milked{/i}.",
                      "Her voice is calm and matter of fact as she smoothly strokes your spasming length up and down, bouncing her tits by gyrating her chest, occasionally swaying side to side, shaking her bountiful breasts around your throbbing manhood, slowly wearing away at your thoughts with her marshmallowy valley, leaving you gasping and trembling from the steady waves of warm tingly pleasure.",
                      "ChangeImageLayer", "Expression", "1", "Smug",
                      "Speaks",
                      "A little teasing and stimulation and soon your cock is begging you to give in, until all you can think about is 'I want to cum, I want to cum, oh goddess {i}please{/i} I want to cum.' Once you reach that point it's even easier to make you fall into deep seductive pleasure, sweetness you never want to stop, because when it does...",
                      "She suddenly stops moving her heavy breasts as you reach the edge of orgasm, merely keeping your rigid cock buried in her soft flesh, making your tremble with need as your length throbs between her warm cleavage, slowly driving you mad with the need with release, her gentle breaths and simple movements alone keep your spasming cock right on the brink of climax.",
                      "ChangeImageLayer", "Expression", "1", "Sigh",
                      "Speaks",
                      "Well I suppose you could also be thinking something like, 'A-Ah! Her breasts-! Her tits are amazing, I love her boobs! They're driving me crazy'... Or maybe it feels so good you can't even think right now.",
                      "ChangeImageLayer", "Expression", "1", "Smug",
                      "You gasp and shiver, fruitlessly trying to thrust until needy words start to helplessly pour from your lips, begging for her to keep going, your sense of reason quickly eclipsed by her intoxicatingly soft breasts smothering your needy cock as a smug grin spreads over Venefica's face.",
                      "Gently she slowly slides her smooth onyx black hands from your waist down to your groin, right in front of her bust, keeping you firmly seated on the couch, leaving you moaning from the tingly caress intermixing with the feeling of her pillowy chocolate prison of soft tits breaking you down.",
                      "ChangeImageLayer", "Expression", "1", "Devious",
                      "PlayerOrgasmNoSpiritLoss",
                      "Then in a single swift motion she grabs her huge breasts in her hands and squeezes them tightly together, a visible crackle of pink magic arching between her hands, intensifying the already mind-blanking pressure of her soft tits to all new heights, leaving your completely smothered manhood instantly spurting out thick ropes of semen between her cleavage in defeat from the sudden spike in pleasure.",
                      "Your now unrestrained hips can't stop themselves from bucking upwards into her heavenly valley, short circuiting your brain with waves of molten ecstasy while the rest of your body arches back into the couch, your eyes rolling back while your mouth hangs open lewdly, your mind only able to focus on the intense climax her tits are giving you.",
                      "Only a few ropes of your seed manage to gently spurt out from her deep cleavage even as you wildly thrust, and your hips eventually can't keep moving due to the intensely sweet ecstasy washing though you, a few final movements are all you can manage before collapsing back onto the couch gasping and shivering in aftershocks of orgasmic pleasure.",
                      "ChangeImageLayer", "Expression", "1", "Smile",
                      "Speaks",
                      "You must have gotten very worked up, I barely had to try and you're already a mess... You know a few hundred years ago this would be the part where I keep milking you until you're hopelessly obedient to me...",
                      "Venefica seems to be idly musing as she looks up at your trembling, pleasure drunk face, your thoughts slowly recollecting amidst the ebbing sea of blissful pleasure. Then with a wave of crackling pink magic you yelp in ecstasy as she absorbs every drop of your cum in an instant with her magic.",
                      "ChangeImageLayer", "Expression", "1", "Smug",
                      "Speaks",
                      "Hmhm, well boy... is your dick interested in {i}another{/i} titfuck? Only one thousand eros to keep going.",
                      "Her calm voice is laced with seductive intent that makes you shiver, and your heart thrums in your chest as you try to think on what to do.",
                      "ChangeFetish", "VeneficasFindom", "5",
                      "ChangeFetish", "Breasts", "5",
                      "ChangeFetish", "Edging", "1",
                      "SetChoice", "21", "",
                      "JumpToScene", "PosttiddyFuckMenu"
                ]
    },
    {
      "NameOfScene": "Get Venefica to financially milk you. (10000 Eros)",
      "theScene": [
                      "HasErosLessThan", "10000", "LacksFundsTittyFinanceMilking",
                      "ChangeEros",   "-10000",
                      "ChangeProgress", "5",
                      "ChangeImageLayer", "Expression", "1", "Smug",
                      "ChangeBGM", "music/Loss/reason.mp3",
                      "You go to give Venefica the money, and she laughs sweetly at your intent to get drained financially, but brushes your hand to the side.",
                      "Speaks",
                      "Just put the eros next to you on the couch, I'm going slowly milk it out of you.♥",
                      "With your heart pounding in anticipation you do as she says, putting the bag of eros next to you while Venefica slowly massages her heavy breasts, squeezing and rubbing your length between them, leaving you shivering with bliss.",
                      "At first she just teases your aching length, gradually starting to pump your manhood with seductive strokes of her soft cleavage that flood your hips with warm pleasure, soft moans escaping from your lips as you lose yourself in the marshmallowy softness.",
                      "Then she starts to rub them up and down in alternating, caressing your every inch with her bountiful, overflowing tits, smothering you in twitching pleasure as your manhood quickly starts to give in to the waves of growing euphoria washing through you, each massaging movement driving you closer and closer to the climactic edge.",
                      "But right as your spasming cock is about to spurt, a crackle of magic trails across Venefica's fingers and bust, and you shiver and buck your hips in denial, throwing your head back as you're left right on the brink of release, and she keeps squeezing and bouncing her breasts in constant, mind melting ways.",
                      "ChangeImageLayer", "Expression", "1", "Devious",
                      "Speaks",
                      "Hehehe, what's wrong [ThePlayerName]? Want to cum?",
                      "You can only manage a barely coherent cry of pleasured bliss, your thoughts lost in a dizzying haze of pink pleasure, your throbbing cock begging you to cum, heavenly hell of her squeezing tits melting away your reason as they keep stroking your edged senseless erection.",
                      "Speaks",
                      "Give me one thousand eros, and you can cum.♥",
                      "Without so much as a second thought you shakily reach over and grab the coins from the bag, your hips mired in maddening pleasure that makes your entire body twitch, and as you offer Venefica the money, she smoothly wraps one arm around her bust to keep pumping your aching length, while her other hand reaches out to collect your payment.",
                      "PlayerOrgasmNoSpiritLoss",
                      "The moment the coins fall into her hand your every nerve is hit with an electrifying wave of climactic bliss, a single tight squeeze wringing out a series of thick loads into her overflowing cleavage, leaving you trembling with a pleasure drunk grin, your head lazily resting against the couch, and your arms fall slack to your sides.",
                      "ChangeImageLayer", "Expression", "1", "SmileLoving",
                      "Speaks",
                      "Good job.♥",
                      "Venefica pockets the money with a sweet smile that makes your insides flutter in delight, like sweet oozing syrup is pouring into you. Then with a snap of her fingers and a crackle of magic she cleans up your sticky mess, before taking her heavy breasts in both hands again and starts to resume massaging your length with their overwhelming softness.",
                      "ChangeImageLayer", "Expression", "1", "Smug",
                      "Speaks",
                      "But we're just getting started.♥",
                      "Up and down Venefica moves her heavy tits, each jiggly impact into your hips leaving your cock throbbing in bliss, twitching happily in defeat in her smothering cleavage as she slowly works you towards your next climax with a smug grin, and you watch her bouncing breasts in infatuated captivation, your sense of reason eroding with each pleasure-soaked moment.",
                      "Side to side she teasingly shakes her chest, rubbing and squeezing your spasming length with her soft pillowy boobs, leaving you twitching with shocks of pleasure on the couch, the sights and sensations mixing and melting inside you, filling you with gooey pleasure that pools in your hips.",
                      "Your manhood is already spasming and twitching in anticipation, your heart racing and your breathing heavy and fast as Venefica brings you back to the mind melting edge of climax, her hands moving in slow circular motions to tease your aching dick, keeping right on the brink, the need to cum blotting out your thoughts while she smiles up at you expectantly.",
                      "ChangeBGM", "music/Loss/Falling Down.mp3",
                      "Speaks",
                      "You know what I want, don't you.",
                      "In a distorted haze of dizzying lust you reach down and grab another thousand eros to shakily hand over to Venefica, your cock throbbing in delight as you drop the coins into her outstretched hand, her other hand once again wrapped around her large bust, tightly squeezing your shaft in her overflowing softness.",
                      "PlayerOrgasmNoSpiritLoss",
                      "The moment the last coin lands in her palm you cry out in ecstasy, throwing your head back into the couch as you erupt into cleavage, thick spurts coating her soft, indulgent skin as your sense of reason starts to collapse from the squeezing pleasure, her breasts breaking you down with each orgasmic payment.",
                      "ChangeImageLayer", "Expression", "1", "Devious",
                      "She lets out an evil giggle as she watches you slowly fall into sweet depravity, and after pocketing the coins she uses her arms to tightly squeeze her huge breasts together, forcing a cry of mindless delight from you as she starts to rapidly bounce her mind bending tits on your spasming, oversensitive manhood. Your hand is already shakily reaching for the coins...",
                      "You tightly hold your eros as the pleasure builds in your hips, your leaking cock reveling in her sinfully soft skin, a thin line of drool trailing down your grinning mouth as you watch her milk your length with her bountiful tits, your dick not even visible between her sandwiching bosom, the tight pressure alone threatening to bring you to the edge.",
                      "As you hit the mind fraying edge again, her heavy tits still pumping your spasming length you're already reaching forward to pay her for the next climax, her one upward facing hand opens for your tribute, and the transaction is complete you're left howling like an animal as you spurt her cleavage, everything turning white in bliss for a few moments.",
                      "Speaks",
                      "Good boy,♥ you're making a wonderful connection now. Let's deepen it even more.",
                      "ChangeImageLayer", "Expression", "1", "LipLick",
                      "With a hungry lick of her lips she continues to milk your length with her luscious tits, the tight vice of soft flesh firmly imprisoning your twitch manhood in hellish heaven quickly bringing you to the edge again and again, diving your eroded, melted sense of reason to pay her for climax after climax, until you're left with only 1000 eros in the pile.",
                      "ChangeImageLayer", "Expression", "1", "Devious",
                      "Your cock keeps throbbing and begging for more between her tits, but Venefica stands up with a laugh, leaving your aching dick twitching in the open air while she uses magic to soak in your recent climax, and you shudder in mindless bliss on the couch. Then with an evil smile she reaches out a clawed hand, gesturing with one clawed finger.",
                      "Speaks",
                      "You want to cum again don't you? Give me that last bit of your eros, I promise you won't regret it.♥",
                      "Her sweet voice is laced with sadistic glee, and you shiver as you grab the last bit of coin you set aside, warmth pulsing through your hips as you reach forward to hand her the eros, your heart racing while your mind spins deliriously, your sense of reason long spurted out between her pillowy tits.",
                      "PlayerOrgasmNoSpiritLoss",
                      "Then as you drop the coins into her palm, you're left crying out in bliss, your cock spasming and flailing with ecstasy, spurting wildly from the mere act of giving her money, leaving your entire body tensing and your hips mindlessly bucking into the air while white hot pleasure infects your very core.",
                      "Venefica giggles maliciously as she watches you writhe in pleasure, watching you process the culmination of her training as it sweetly melts into you, your melted brain registering how deeply connected she's made giving her money into something ecstasy inducing, and your heart flutters in delight as you slowly come down from the intense orgasm.",
                      "For a few moments you just gasp and pant while she stares down at you with an evil grin on her face, letting the warm realization of how much she messed with your financial sense sinks into your brain, the feeling of still hard cock throbbing with the want to give her {i}more{/i}, your thoughts echoing the sentiment, driving home how crushed your sense of reason is.",
                      "ChangeImageLayer", "Expression", "1", "Smug",
                      "Speaks",
                      "My, you look absolutely adorable right now.♥",
                      "Venefica sits down on the couch next to you, and slides her voluptuous body up against yours, rubbing her bountiful cleavage against your chest while she whispers sweetly in your ear.",
                      "ChangeFetish", "Edging", "1",
                      "Speaks",
                      "SwapLineIf", "Choice",
                        "42", "PayPet", "I bet you want to keep going, don't you?♥ I know you're already completely hooked on getting your money milked, so why don't you just give into that urge, pay-pet.♥",
                        "42", "", "You know, if we stop now, you'll probably be able to recover from this training... But do you really want to stop?♥ If we keep going, you'll get completely hooked on getting your money milked.♥ You wont even need me to touch you anymore to make your hips melt.♥ Doesn't that sound lovely?♥",
                      "EndLoop",
                      "A shiver runs across your skin from her warm breath on your ear, her sickly sweet words melting into your ears like seductive syrup, her bountiful cleavage pressed against you, one of her clawed hand brushing up and down your chest, drawing closer to your groin.",
                      "ChangeImageLayer", "Expression", "1", "SmileLoving",
                      "Speaks",
                      "SwapLineIf", "Choice",
                        "42", "PayPet", "Hehe.♥ It's so fun to watch you squirm.♥ So, do you want to deepen your addiction even more?♥",
                        "42", "", "Of course I'll {i}still{/i} touch and tease you.♥ It's so fun to watch you squirm.♥ I might not even make you pay for it.♥ But we both know you would rather pay me for my touch, my sweets.♥ And if you ever go broke, you could just work for me.♥ Then spend every bit here again.♥ So there'd be no harm in becoming my little pay-pet.♥",
                      "EndLoop",
                        "Your mind feels like it's spinning along with her words, leaving dizzy and horny for her seductive offer, letting her sinfully sugar sweet voice melt into you, leaving you dumbly nodding along, wondering how good it would feel to give her more of your eros, then your mind blanks out as she teasingly kisses your ear, her hand brushing against your aching manhood.",
                      "ChangeImageLayer", "Expression", "1", "Smug",
                      "Speaks",
                      "SwapLineIf", "Choice",
                        "42", "PayPet", "Only ten thousand more eros and we can keep going.♥ Or if you're short, maybe I'll just take whatever you have left.♥",
                        "42", "", "Well, [ThePlayerName], you want to become my pay-pet, don't you?♥ Only ten thousand more eros.♥",
                      "EndLoop",
                      "JumpToScene", "PayPetMenu"
                ]
    }
  ]
}