{
    "name": "CloneEvent",
    "CardType": "",
    "CardLimit": "0",
    "Description": "",
    "requires": [ ""],
    "Speakers": [
        {
          "name": "Sirje",
          "postName": "",
          "SpeakerType": "Monster"
        }
      ],
    "EventText": [
        {
          "NameOfScene": "Blank",
          "theScene": [
                         ""
                      ]
        },
        {
          "NameOfScene": "RoundStartCheck",
          "theScene": [
                         "IfPlayerHasStance", "Penetration", "CheckSmother"
                      ]
        },
        {
          "NameOfScene": "CheckSmother",
          "theScene": [
                         "IfPlayerHasStance", "Smother", "SmotherPlayerPenetration",
                         "ApplyStance", "Smother",
                         "ApplyStanceToOtherMonster", "Clone", "Smother",
                         "ApplyStanceToOtherMonster", "Sirje", "Smother",
                         "CallEventAndSceneThenReturn", "SFX Event", "Double Laugh",
                         "SwapLineIf", "Random",
                          "The clones take advantage of your position to press in on either side, smothering you between their soft bodies.",
                          "The clones press against you from either side, sandwiching you between their luscious forms.",
                          "You quickly find yourself squeezed between a trio of bodies, the clones pressing you into Sirje.",
                         "EndLoop"
                      ]
        },
        {
          "NameOfScene": "SmotherPlayerPenetration",
          "theScene": [
                         "CallEventAndSceneThenReturn", "SFX Event", "Double Laugh",
                         "HitPlayerWith", "GuidedSex", 
                         "SwapLineIf", "Random",
                          "The clones' hips push against yours from behind, forcing you to fuck Sirje to their rhythm. [DamageToPlayer]",
                          "With the clones guiding your hips, you can't help but let yourself thrust into Sirje's welcoming depths. [DamageToPlayer]",
                          "Beset on all sides by soft, plush bodies, you can't help but to thrust weakly into Sirje's soft embrace. [DamageToPlayer]",
                         "EndLoop"
                      ]
        },
        {
          "NameOfScene": "KissDrain",
          "theScene": [
                         "SwapLineIf", "Random",
                          "Each time the clones' lips meet your skin, warmth flows into you, leaving you more drowzy...",
                          "Every warm kiss leaves you more relaxed, and you can't help but want to let go...",
                          "The harpies' soft kisses leave your mind tired and hazy...",
                         "EndLoop",
                         "ChangeEnergyQuietly", "5"
                      ]
        },
        {
          "NameOfScene": "TwinnedSupport",
          "theScene": [
                         "CallEventAndSceneThenReturn", "SFX Event", "Double Laugh",
                         "CallSceneThenReturn", "RandomExpressions",
                         "Speak", "Clones",
                          "SwapLineIf", "Random",
                            "Don't hold back~",
                            "Shoot it all out~",
                            "Let go~",
                            "Cum your mind away~",
                            "It would feel so good~ To let go~",
                            "Give in to the pleasure~",
                            "Cum~ Cum~",
                            "Surrender to bliss~", 
                            "Give us everything~",
                          "EndLoop"
                      ]
        },
        {
          "NameOfScene": "RandomExpressions",
          "theScene": [
                         "CallNextSceneJumpThenReturn", 
                         "JumpToRandomScene",
                          "RandExp1",
                          "RandExp2",
                          "RandExp3",
                          "RandExp4",
                          "RandExp5",
                          "RandExp6",
                          "RandExp7",
                          "RandExp8",
                          "RandExp9",
                          "RandExp10",
                          "RandExp11",
                          "RandExp12",
                          "RandExp13",
                          "RandExp14",
                          "RandExp15",
                          "RandExp16",
                          "RandExp17",
                          "RandExp18",
                          "RandExp19",
                          "RandExp20",
                          "RandExp21",
                          "RandExp22",
                          "RandExp23",
                          "RandExp24",
                          "RandExp25",
                         "EndLoop"
                      ]
        },
        {
          "NameOfScene": "RandExp1",
          "theScene": [
                         "FocusOnMonster", "2",
                         "ChangeImageLayer", "Expression", "Smirk",
                         "FocusOnMonster", "3",
                         "ChangeImageLayer", "Expression", "Smirk"
                      ]
        },
        {
          "NameOfScene": "RandExp2",
          "theScene": [
                         "FocusOnMonster", "2",
                         "ChangeImageLayer", "Expression", "Smirk",
                         "FocusOnMonster", "3",
                         "ChangeImageLayer", "Expression", "Neutral"
                      ]
        },
        {
          "NameOfScene": "RandExp3",
          "theScene": [
                         "FocusOnMonster", "2",
                         "ChangeImageLayer", "Expression", "Smirk",
                         "FocusOnMonster", "3",
                         "ChangeImageLayer", "Expression", "Smile"
                      ]
        },
        {
          "NameOfScene": "RandExp4",
          "theScene": [
                         "FocusOnMonster", "2",
                         "ChangeImageLayer", "Expression", "Smirk",
                         "FocusOnMonster", "3",
                         "ChangeImageLayer", "Expression", "Kiss"
                      ]
        },
        {
          "NameOfScene": "RandExp5",
          "theScene": [
                         "FocusOnMonster", "2",
                         "ChangeImageLayer", "Expression", "Smirk",
                         "FocusOnMonster", "3",
                         "ChangeImageLayer", "Expression", "Lick"
                      ]
        },
        {
          "NameOfScene": "RandExp6",
          "theScene": [
                         "FocusOnMonster", "2",
                         "ChangeImageLayer", "Expression", "Neutral",
                         "FocusOnMonster", "3",
                         "ChangeImageLayer", "Expression", "Smirk"
                      ]
        },
        {
          "NameOfScene": "RandExp7",
          "theScene": [
                         "FocusOnMonster", "2",
                         "ChangeImageLayer", "Expression", "Neutral",
                         "FocusOnMonster", "3",
                         "ChangeImageLayer", "Expression", "Neutral"
                      ]
        },
        {
          "NameOfScene": "RandExp8",
          "theScene": [
                         "FocusOnMonster", "2",
                         "ChangeImageLayer", "Expression", "Neutral",
                         "FocusOnMonster", "3",
                         "ChangeImageLayer", "Expression", "Smile"
                      ]
        },
        {
          "NameOfScene": "RandExp9",
          "theScene": [
                         "FocusOnMonster", "2",
                         "ChangeImageLayer", "Expression", "Neutral",
                         "FocusOnMonster", "3",
                         "ChangeImageLayer", "Expression", "Kiss"
                      ]
        },
        {
          "NameOfScene": "RandExp10",
          "theScene": [
                         "FocusOnMonster", "2",
                         "ChangeImageLayer", "Expression", "Neutral",
                         "FocusOnMonster", "3",
                         "ChangeImageLayer", "Expression", "Lick"
                      ]
        },
        {
          "NameOfScene": "RandExp11",
          "theScene": [
                         "FocusOnMonster", "2",
                         "ChangeImageLayer", "Expression", "Smile",
                         "FocusOnMonster", "3",
                         "ChangeImageLayer", "Expression", "Smirk"
                      ]
        },
        {
          "NameOfScene": "RandExp12",
          "theScene": [
                         "FocusOnMonster", "2",
                         "ChangeImageLayer", "Expression", "Smile",
                         "FocusOnMonster", "3",
                         "ChangeImageLayer", "Expression", "Neutral"
                      ]
        },
        {
          "NameOfScene": "RandExp13",
          "theScene": [
                         "FocusOnMonster", "2",
                         "ChangeImageLayer", "Expression", "Smile",
                         "FocusOnMonster", "3",
                         "ChangeImageLayer", "Expression", "Smile"
                      ]
        },
        {
          "NameOfScene": "RandExp14",
          "theScene": [
                         "FocusOnMonster", "2",
                         "ChangeImageLayer", "Expression", "Smile",
                         "FocusOnMonster", "3",
                         "ChangeImageLayer", "Expression", "Kiss"
                      ]
        },
        {
          "NameOfScene": "RandExp15",
          "theScene": [
                         "FocusOnMonster", "2",
                         "ChangeImageLayer", "Expression", "Smile",
                         "FocusOnMonster", "3",
                         "ChangeImageLayer", "Expression", "Lick"
                      ]
        },
        {
          "NameOfScene": "RandExp16",
          "theScene": [
                         "FocusOnMonster", "2",
                         "ChangeImageLayer", "Expression", "Kiss",
                         "FocusOnMonster", "3",
                         "ChangeImageLayer", "Expression", "Smirk"
                      ]
        },
        {
          "NameOfScene": "RandExp17",
          "theScene": [
                         "FocusOnMonster", "2",
                         "ChangeImageLayer", "Expression", "Kiss",
                         "FocusOnMonster", "3",
                         "ChangeImageLayer", "Expression", "Neutral"
                      ]
        },
        {
          "NameOfScene": "RandExp18",
          "theScene": [
                         "FocusOnMonster", "2",
                         "ChangeImageLayer", "Expression", "Kiss",
                         "FocusOnMonster", "3",
                         "ChangeImageLayer", "Expression", "Smile"
                      ]
        },
        {
          "NameOfScene": "RandExp19",
          "theScene": [
                         "FocusOnMonster", "2",
                         "ChangeImageLayer", "Expression", "Kiss",
                         "FocusOnMonster", "3",
                         "ChangeImageLayer", "Expression", "Kiss"
                      ]
        },
        {
          "NameOfScene": "RandExp20",
          "theScene": [
                         "FocusOnMonster", "2",
                         "ChangeImageLayer", "Expression", "Kiss",
                         "FocusOnMonster", "3",
                         "ChangeImageLayer", "Expression", "Lick"
                      ]
        },
        {
          "NameOfScene": "RandExp21",
          "theScene": [
                         "FocusOnMonster", "2",
                         "ChangeImageLayer", "Expression", "Lick",
                         "FocusOnMonster", "3",
                         "ChangeImageLayer", "Expression", "Smirk"
                      ]
        },
        {
          "NameOfScene": "RandExp22",
          "theScene": [
                         "FocusOnMonster", "2",
                         "ChangeImageLayer", "Expression", "Lick",
                         "FocusOnMonster", "3",
                         "ChangeImageLayer", "Expression", "Neutral"
                      ]
        },
        {
          "NameOfScene": "RandExp23",
          "theScene": [
                         "FocusOnMonster", "2",
                         "ChangeImageLayer", "Expression", "Lick",
                         "FocusOnMonster", "3",
                         "ChangeImageLayer", "Expression", "Smile"
                      ]
        },
        {
          "NameOfScene": "RandExp24",
          "theScene": [
                         "FocusOnMonster", "2",
                         "ChangeImageLayer", "Expression", "Lick",
                         "FocusOnMonster", "3",
                         "ChangeImageLayer", "Expression", "Kiss"
                      ]
        },
        {
          "NameOfScene": "RandExp25",
          "theScene": [
                         "FocusOnMonster", "2",
                         "ChangeImageLayer", "Expression", "Lick",
                         "FocusOnMonster", "3",
                         "ChangeImageLayer", "Expression", "Lick"
                      ]
        },
        {
          "NameOfScene": "Blank",
          "theScene": [
                         ""
                      ]
        },
        {
          "NameOfScene": "Wrong Name",
          "theScene": [ 
                         "If you're seeing this, you named something wrong."
                      ]
        }
    ]
}