{
    "name": "Dream of Shadow",
    "CardType": "Dream",
    "CardLimit": "0",
    "Description": "",
    "requires": [ ""],
    "requiresEvent": [
      {
      "NameOfEvent": "Dream of Shadow",
      "Progress": "-99",
      "ChoiceNumber": "1",
      "Choice": ""
      }
    ],
    "Speakers": [
        {
          "name": "Shadow",
          "postName": "",
          "SpeakerType": "Monster"
        }
      ],
    "EventText": [
        {
          "NameOfScene": "WakeUp1",
          "theScene": [
                         "SetChoice", "1", "HasDream",
                         "You awake, startled, to the feeling of being watched. Your eyes dart across the room, but everything is still, and quiet. As you push yourself off the bed, however, you find yourself face to face with... Something. A pair of glowing blue eyes inches from yours, a hot breath on your skin, and quiet humming drifting into your ears.",
                         "Startled, you try to back away, but your body moves like it's under water, and you find yourself toppling onto your back on the bed.",
                         "The shadowy figure leans over you, its eyes radiant blue, and a voice like honey purrs in your ears, seductive and sweet, echoing through your head.",
                         "Speak", "Shadow",
                         "{i}Come to me...{/i}",
                         "Your heart pounds in your chest and you shiver as the cool air of the room brushes against your skin, and the figure leans in, bringing its face to yours, hovering above you.",
                         "Speak", "Shadow",
                         "{i}Come to me...{/i}",
                         "The shadows wrap around you, shrouding you in darkness, blocking out everything but its shining eyes. You feel a hot breath on your lips as the shadowed face comes closer-",
                         "You awake, startled, to find something resting on your chest. A dark blue feather, which sparkles in the dim light.",
                         "GiveItemQuietly", "1", "Blue feather",
                         "Menu",
                         "Throw it away",
                         "Keep it",
                         "EndLoop"
            ]
        },
        {
          "NameOfScene": "Throw it away",
          "theScene": [
                         "You move to throw away the feather-",
                         "EndLoop",
                         "You awake, startled, to find something resting on your chest. A dark blue feather, which sparkles in the dim light.",
                         "Menu",
                         "Throw it away",
                         "Keep it",
                         "EndLoop"
                      ]
        },
        {
          "NameOfScene": "Keep it",
          "theScene": [
                         "You slip the feather into your pack, and try to return to sleep...",
                         "You dream of a distant cavern, filled with the sound of soft, lonely humming. The sorrowful song calls out to you, 'Come to me... Come to me...'"
                      ]
        },
        {
          "NameOfScene": "Wrong Name",
          "theScene": [ 
                         "If you're seeing this, you named something wrong."
                      ]
        }
    ]
}