{
    "name": "Lonely Hum",
    "CardType": "Event",
    "CardLimit": "0",
    "Description": "",
    "requires": [ "Blue feather"],
    "requiresEvent": [
      {
      "NameOfEvent": "Lonely Hum",
      "Progress": "-99",
      "ChoiceNumber": "99",
      "Choice": ""
      }
    ],
    "Speakers": [
        {
          "name": "Sirje",
          "postName": "",
          "SpeakerType": "Monster"
        }
      ],
    "EventText": [
        {
          "NameOfScene": "Intro",
          "theScene": [
                         "SetChoice", "99", "NotFirstTime",
                         "ChangeEnergyByPercent", "-10",
                         "Following the humming that you still hear, you descend into the caverns. The soft voice echoes through the tunnels, leading you ever deeper through the circuitous caves, taking paths through the darkness you would never see without the sound guiding you.",
                         "ChangeEnergyByPercent", "-10",
                         "Oddly, as you delve deeper, you don't encounter any monsters, only endlessly winding passages and the slowly growing hum.",
                         "ChangeEnergyByPercent", "-10",
                         "The further you go, the more you lose track of time, the twists and turns blurring together in your mind until you could swear you've taken these paths before. Yet the hum grows closer and closer with each turn, each branching path, urging you on.",
                         "ChangeEnergyByPercent", "-10",
                         "Occasionally, the thought that you could get lost or trapped crosses your mind, only for the thought to be drowned out by the hum, pushing you to keep going.",
                         "ChangeEnergyByPercent", "-10",
                         "Though you don't know how long it takes, finally, you reach a dead end - Or rather, the passage further is blocked.",
                         "ChangeEnergyByPercent", "-10",
                         "What appears to be the mouth of a larger cavern is blocked off by a large boulder, surrounded by collapsed stone.",
                         "Menu",
                          "Push it free (Power)",
                          "Work the smaller stones free (Technique)",
                          "Push it with magic (Intelligence)",
                          "Give it a shove (Luck)",
                         "EndLoop"
            ]
        },
        {
          "NameOfScene": "Push it free (Power)",
          "theScene": [
                         "Bracing your shoulder against the boulder, you gather your strength and push against the stone...",
                         "StatCheck",
                          "Power", "5", "PowerSuccess",
                          "Fail", "LuckFail"
                      ]
        },
        {
          "NameOfScene": "Work the smaller stones free (Technique)",
          "theScene": [
                         "Carefully, you start working stones free, hoping to dislodge the larger boulder...",
                         "StatCheck",
                          "Power", "5", "TechniqueSuccess",
                          "Fail", "LuckFail"
                      ]
        },
        {
          "NameOfScene": "Push it with magic (Intelligence)",
          "theScene": [
                         "You gather your magic, before releasing a blast against the stone...",
                         "StatCheck",
                          "Power", "5", "IntelligenceSuccess",
                          "Fail", "LuckFail"
                      ]
        },
        {
          "NameOfScene": "Give it a shove (Luck)",
          "theScene": [
                         "Picking at random, you get a grip on one of the stones and shove...",
                         "StatCheck",
                          "Power", "5", "LuckSuccess",
                          "Fail", "LuckFail"
                      ]
        },
        {
          "NameOfScene": "PowerSuccess",
          "theScene": [
                         "ChangeEnergyByPercent", "-10",
                         "And with a rumble, the boulder rolls back off the rubble pile, opening a path into the cavern.",
                         "JumpToScene", "Meet Sirje"
                      ]
        },
        {
          "NameOfScene": "TechniqueSuccess",
          "theScene": [
                         "ChangeEnergyByPercent", "-10",
                         "And eventually, your work pays off, the rubble coming free, allowing the boulder to roll safely out of the opening.",
                         "JumpToScene", "Meet Sirje"
                      ]
        },
        {
          "NameOfScene": "IntelligenceSuccess",
          "theScene": [
                         "ChangeEnergyByPercent", "-10",
                         "And with a crash, the boulder cracks apart, crumbling down into the rubble, leaving a path through.",
                         "JumpToScene", "Meet Sirje"
                      ]
        },
        {
          "NameOfScene": "LuckSuccess",
          "theScene": [
                         "ChangeEnergyByPercent", "-10",
                         "And with little fanfare, the stone comes free, disrupting the balance of the pile, which crumbles down leaving a large enough opening that you can climb through.",
                         "JumpToScene", "Meet Sirje"
                      ]
        },
        {
          "NameOfScene": "LuckFail",
          "theScene": [
                         "ChangeEnergyByPercent", "-10",
                         "But despite your best efforts, the boulder remains in place...",
                         "Until one of the other stones suddenly shifts, and all at once surrounding passage crumbles, leaving a large pile of rubble around the boulder, and an opening large enough to climb through.",
                         "JumpToScene", "Meet Sirje"
                      ]
        },
        {
          "NameOfScene": "Meet Sirje",
          "theScene": [
                         "Entering the cavern, you find a large open space lit dimly by glowing fungus on its walls, with small boulders spread across its floor, and a small lake in the center.",
                         "And atop one of the boulders, you find the source of the humming.",
                         "DisplayCharacters",
                          "1",
                         "EndLoop",
                         "SetChoice", "1", "Sirje",
                         "GetEventAndSetChoice", "Visit Sirje", "1", "Sirje",
                         "|f|ChangeImageLayer|/|Expression|/|1|/|Smile|n|The buxom harpy turns to you with a smile, her hum going silent. \nSomehow, you already know her name, coming to you like a whisper in the back of your mind - Sirje.",
                         "Speaks",
                          "At last, you're here. I've been waiting~",
                         "ChangeEnergyByPercent", "-10",
                         "SwapLineIf", "Stat",
                          "Intelligence", "50", "Her voice is soft and warm, and fills you with an unexpected comfort. \nYou can feel magic in the air as she speaks, as if her every word is filled with magic, though it doesn't seem to have a discernible effect.",
                          "Intelligence", "1", "Her voice is soft and warm, and fills you with an unexpected comfort.",
                         "EndLoop",
                         "She pushes off the stone, and floats down - Carried by magical wind, rather than her own wings. Her robe flutters as she hovers down before you, her dark blue feathers - Just like the one left after your dream - shimmer under the dim light.",
                         "JumpToScene", "PreTalkMenu"
                      ]
        },
        {
          "NameOfScene": "PreTalkMenu",
          "theScene": [
                         "|f|ChangeImageLayer|/|Expression|/|1|/|Neutral|n|",
                         "IfProgressEquals", "3", "PostTalk",
                         "Menu",
                          "Who are you?",
                          "What is this place?",
                          "How do I get out of here?",
                          "HideOptionOnRequirementFail", "RequiresChoice", "1", "Sirje", "Mommy?",
                         "EndLoop"
                      ]
        },
        {
          "NameOfScene": "Who are you?",
          "theScene": [
                         "ChangeEnergyByPercent", "-10",
                         "Speaks", "SwapLineIf", "Choice",
                          "1", "Mommy", "|f|ChangeImageLayer|/|Expression|/|1|/|Smirk|n|Hmm? But you already know who Mommy is~ Otherwise, you wouldn't have followed her call, would you?",
                          "1", "Sirje", "|f|ChangeImageLayer|/|Expression|/|1|/|Smirk|n|Hmm? But you already know who I am~ Otherwise, you wouldn't have followed my call, would you?",
                         "EndLoop",
                         "IfChoice", "88", "Who", "PreTalkMenu",
                         "SetChoice", "88", "Who",
                         "ChangeProgress", "1",
                         "JumpToScene", "PreTalkMenu"
                      ]
        },
        {
          "NameOfScene": "What is this place?",
          "theScene": [
                         "ChangeEnergyByPercent", "-10",
                         "Speaks", "SwapLineIf", "Choice",
                         "1", "Mommy", "|f|ChangeImageLayer|/|Expression|/|1|/|Surprise|n|This is Mommy's home, of course. \nOr at least, it's where Mommy has been stuck for the last... Hmm? How many years {i}has{/i} it been?",
                         "1", "Sirje", "|f|ChangeImageLayer|/|Expression|/|1|/|Surprise|n|This is my home, of course. \nOr at least, it's where I've been stuck for the last... Hmm? How many years {i}has{/i} it been?",
                        "EndLoop",
                        "IfChoice", "87", "Where", "PreTalkMenu",
                        "SetChoice", "87", "Where",
                        "ChangeProgress", "1",
                        "JumpToScene", "PreTalkMenu"
                      ]
        },
        {
          "NameOfScene": "How do I get out of here?",
          "theScene": [
                        "ChangeEnergyByPercent", "-10",
                        "Speaks",
                         "|f|ChangeImageLayer|/|Expression|/|1|/|Surprise|n|I... I'm not sure, actually. I suppose you just go back the way you came?",
                         "Speaks", "SwapLineIf", "Choice",
                         "1", "Mommy", "|f|ChangeImageLayer|/|Expression|/|1|/|Neutral|n|Mommy has been trapped down here for so long she don't really remember the way out. I do hope you'll keep Mommy company, and not just leave her all alone so quickly~",
                         "1", "Sirje", "|f|ChangeImageLayer|/|Expression|/|1|/|Neutral|n|I've been trapped down here for so long I don't really remember the way out. I do hope you'll keep me company, and not just leave me all alone so quickly~",
                        "EndLoop",
                         "Speaks", "SwapLineIf", "Choice",
                         "1", "Mommy", "|f|ChangeImageLayer|/|Expression|/|1|/|Lick|n|Of course, you could always let Mommy play with you until she's had her fill, and we can let that recall stone of yours take care of the rest~?",
                         "1", "Sirje", "|f|ChangeImageLayer|/|Expression|/|1|/|Lick|n|Of course, you could always let me play with you until I've had my fill, and we can let that recall stone of yours take care of the rest~?",
                        "EndLoop",
                        "IfChoice", "86", "Leave", "PreTalkMenu",
                        "SetChoice", "86", "LEave",
                        "ChangeProgress", "1",
                        "JumpToScene", "PreTalkMenu"
                      ]
        },
        {
          "NameOfScene": "Mommy?",
          "theScene": [
                         "Speaks",
                          "|f|ChangeImageLayer|/|Expression|/|1|/|Surprise|n|Hmm~?",
                         "Speaks",
                          "|f|ChangeImageLayer|/|Expression|/|1|/|Smirk|n|Hmmmm~?",
                         "Speaks",
                          "Do you want to call me Mommy~? I don't mind~",
                         "Menu",
                          "Yes...",
                          "Never mind...",
                         "EndLoop"
                      ]
        },
        {
          "NameOfScene": "Yes...",
          "theScene": [
                         "SetChoice", "1", "Mommy",
                         "GetEventAndSetChoice", "Visit Sirje", "1", "Mommy",
                         "Speaks",
                          "|f|ChangeImageLayer|/|Expression|/|1|/|Kiss|n|Alright~",
                         "JumpToScene", "PreTalkMenu"
                      ]
        },
        {
          "NameOfScene": "Never mind...",
          "theScene": [
                         "Speaks",
                          "Suit yourself~",
                         "JumpToScene", "PreTalkMenu"
                      ]
        },
        {
          "NameOfScene": "PostTalk",
          "theScene": [
                         "JumpToEventThenScene", "Visit Sirje", "TalkMenu"
                      ]
        },
        {
          "NameOfScene": "Blank",
          "theScene": [
                         ""
                      ]
        },
        {
          "NameOfScene": "Wrong Name",
          "theScene": [ 
                         "If you're seeing this, you named something wrong."
                      ]
        }
    ]
}