{
  "name": "RosauraCombatEvent",
  "Addition": "Yes",
  "Speakers": [
      {
          "name": "Rosaura",
          "postName": "",
          "SpeakerType": ""
      }
  ],
  "EventText": [
    {
      "NameOfScene": "EdgedSillyLoss",
      "theScene": [ "ChangeImageLayer", "Expression", "Smug",
                    "Your entire body won't stop shivering and twitching in pleasure, your edged silly dick spasming wildly in search of release while your brain is stuck in a haze of bliss as wave after wave of euphoria washes through every part of you from bad you need to cum, and resisting Rosaura doesn't even register in your mind anymore.",
                    "FocusedSpeaks",
                    "Oh sweetie,♥ you're completely pleasure drunk now.♥",
                    "ChangeImageLayer", "Expression", "Mocking", "ChangeArousalByPercent", "10",
                    "She lets out a triumphant giggle as she pulls away from you for a moment, making you shudder as you finally get a break from her teasing attentions while she gently pulls you deeper into the flower, laying you back on one of the oversized rose petal, the scent of her pheromones wonderfully overwhelming your senses.",
                    "ChangeImageLayer", "Expression", "Seductive",
                    "FocusedSpeaks",
                    "But we're just getting started cutie,♥ lets get you riding those endless waves of bliss for as lonnngggg♥ as possible.♥",
                    "ChangeArousalByPercent", "10",
                    "You let out a mindless whimper as she settles herself between your legs, wrapping her soft fingers around your shaft, slowly stroking your overstimulated and twitching cock, sending pulses of ecstasy jolting through your hips as she keeps you right at the brink of climax with the aid of Venefica's magic.",
                    "ChangeArousalByPercent", "20",
                    "She leans down and gives your tip a gentle smooch, making your hips jerk up from the stimulation while you moan incoherently, your manhood spasming excitedly as it drools precum for her to lap up before she wetly pulls away with a smile.",
                    "ChangeImageLayer", "Expression", "Smug",
                    "FocusedSpeaks",
                    "Sweetie,♥ I bet you're going to get hooked on being edged after this.♥",
                    "ChangeArousalByPercent", "20",
                    "Without waiting for a response she dives back down and wraps her mouth around your cockhead, firmly sealing her plush lips around the crown as she starts to intensely suck on it, looping her tongue in melty circles while her hand slowly strokes up and down. The hot waves of edged out bliss leave your brain blanking out while you moan and twitch happily, throwing your head back in ecstasy.",
                    "ChangeImageLayer", "Expression", "Seductive", "ChangeArousalByPercent", "20",
                    "Rosaura then gently bobs up and down on the tip, teasing your sensitive flesh with her soft lips, her tongue slowly lapping at your tip to steal the beads of precum forming, and your waist feels like it's warmly melting away as your balls firmly twitch and tense with the need to spurt but you can't get over the edge, her teasingly stroking hand giving you a few rapid strokes to cement that fact.",
                    "FocusedSpeaks",
                    "Mphhh,♥ get ready.♥",
                    "ChangeArousalByPercent", "20", "ChangeImageLayer", "Expression", "Pleasured",
                    "Her pumping hand slides off your throbbing length to brace her self on the flower petal with both hands before she dives her mouth all the way down your length, sending your entire body into a sea of white hot ecstasy, your hips jerking up to meet her as she hilts you down her throat with an evil giggle, holding your spasming cock for a few floaty moments while her tongue tease her base.",
                    "ChangeArousalByPercent", "20",
                    "Then as she slowly pulls back with a long drawn out suck you start taking heavy breaths of air you didn't realize you needed, filling your brain up with even more of her rose scented pheromones amplifying the blissful infatuation pulsing inside you, a blissed out pleasure drunk grin plastered on your face as she sucks out a stream of precum from your twitching member.",
                    "ChangeArousalByPercent", "20",
                    "Rosaura finally reaches your tip and gives your tip a few bliss jolting licks, before diving back down your shaft again, forcing you to moan and quiver in euphoria pleasure, all the tension in your body pooling in your rigid manhood as the constant edging and her aphrodisiac nectar soak into your groin, driving up your need and arousal more and more, your mind a total mess of incoherent pleasure.",
                    "ChangeArousalByPercent", "20", "ChangeImageLayer", "Expression", "Assertive",
                    "She bobs up and down, slowly, teasingly as she coats your shaft in her nectar saliva, intensely sucking all the while, her tongue rolling along the underside of your aching dick while your hips jerk instinctively in search of release, every bit of you lost in a molten haze of desire and bliss, her amorous upward gaze draining away all your cares and worries whenever you manage to look down at her.",
                    "ChangeArousalByPercent", "20",
                    "The shivering pleasure is almost unbearable as you're left riding along the waves of pleasure in a mindless haze, only thinking of how good her mouth feels as she slides her plush O shaped lips up and down, milking out your pre-cum from your drooling, twitching tip, your cock only getting harder and more needy as her warm nectar soaks into your skin, the need to cum fading off as you lose yourself the loop of near climax.",
                    "ChangeArousalByPercent", "50", "ChangeImageLayer", "Expression", "Pleasured",
                    "Time seems to drift away on you as you lay there trembling while she services you into a blissed out, edged silly puddle, but eventually she pops her lips off of your tip with a wet smack and a lewd purr.",
                    "ChangeImageLayer", "Expression", "Seductive",
                    "FocusedSpeaks",
                    "Mmmm,♥ alright sweetie,♥ I think we should change it up.♥ Don't you?♥ So I can keep edging you into even more of a pleasure drunk mess?♥",
                    "ChangeArousalByPercent", "20",
                    "You shiver and nod along, not able to think straight anymore, only wanting more pleasure, and Rosaura giggles, hefting up her heavy, pillowy tits over your slick, throbbing cock, her fingers deeply sinking into her of soft skin.",
                    "ChangeImageLayer", "Expression", "Smug",
                    "FocusedSpeaks",
                    "Good boy.♥",
                    "ChangeArousalByPercent", "20",
                    "She squeezes her bountiful tits together before burying your rigid dick in them, pressing them down onto your waist in a single smooth motion that makes your brain go blank all over again as your hips jerk up to meet her warm cleavage, a sloppy grin on your face as tingling waves of bliss trail over your body endlessly as your denied climax again.",
                    "ChangeImageLayer", "Expression", "Seductive",
                    "FocusedSpeaks",
                    "Hmhmhm,♥ so adorable.♥ Now just relax.♥",
                    "ChangeArousalByPercent", "20",
                    "ChangeImageLayer", "Expression", "Caring",
                    "She starts to roll her luscious breasts in slow circles, massaging your spasming cock with softness from all directions, keeping you constantly on the brink of unattainable release, a blissful smile locked on your face as you lay back and twitch on occasion from a jolt of pleasure shooting through your hips, your mind spinning and dazed with intoxicating infatuation and pleasure, your senses filled with her pheromones.",
                    "FocusedSpeaks",
                    "Your wonderful dick just wont stop throbbing.♥ It's practically begging for more and more.♥",
                    "ChangeArousalByPercent", "20",   "ChangeImageLayer", "Expression", "Smug",
                    "Rosaura then begins to pump her huge tits up in down in slow, heavy movements, that jiggle delightfully with every impact to your hips, making you weakly thrust despite the mounting sexual exhaustion seeping into your muscles, but the mind melting, edging induced pleasure high keeps going, her pillowy cleavage stroking up and down in maddening ways as she squeezes it tighter.",
                    "FocusedSpeaks",
                    "Hehe, you look like you can barely take this.♥ But we're not stopping any time soon. So settle in sweetie.♥",
                    "ChangeArousalByPercent", "20", "ChangeImageLayer", "Expression", "Seductive",
                    "She gives your aching cock a few more teasing strokes before she leans down and catches your tip with her soft lips and starts to suck on it, lapping up your constantly leaking precum as she bounces her tits along your length at an increasingly rapid pace, happily purring as you moan in constant needy pleasure, losing yourself in the endless tides of bliss.",
                    "ChangeArousalByPercent", "20",
                    "You can't even see straight as she pumps your spasming cock with her divine cleavage, her plump lips helping to drain out what little sanity you had left as she milks you into an edged out stupor, and you gleefully ride the waves of pleasure that keep going higher as they tingle across your body, your world practically becoming just Rosaura's luscious tits, your cock, and her plush O shaped lips sucking on your tip.",
                    "ChangeArousalByPercent", "20",
                    "Even as time slips away from you again you can feel her switch things up to drain more precum from you, moving her huge tits in alternation while she only uses her skilled tongue on your tip, to practically making out with your cockhead while her soft tits merely cradle your spasming erection in a tight embrace, the pleasure going on and on until you finally black out with a sloppy pleasure drunk grin...",
                    "...",
                    "ChangeSensitivity", "Sex", "20",
                    "ChangeFetish", "Breasts", "10",
                    "ChangeFetish", "Oral", "15",
                    "GetEventAndIfChoice", "Rosaura's Edging Garden", "1", "InLaby", "GameOver",

                    "CallEventAndSceneThenReturn", "TimePassed", "EventStart", "CallEventAndSceneThenReturn", "TimePassed", "EventStart", "CallEventAndSceneThenReturn", "TimePassed", "EventStart", "CallEventAndSceneThenReturn", "TimePassed", "EventStart", "CallEventAndSceneThenReturn", "TimePassed", "EventStart",
                    "CallEventAndSceneThenReturn", "TimePassed", "EventStart", "CallEventAndSceneThenReturn", "TimePassed", "EventStart", "CallEventAndSceneThenReturn", "TimePassed", "EventStart", "CallEventAndSceneThenReturn", "TimePassed", "EventStart", "CallEventAndSceneThenReturn", "TimePassed", "EventStart",
                    "CallEventAndSceneThenReturn", "TimePassed", "EventStart", "CallEventAndSceneThenReturn", "TimePassed", "EventStart", "CallEventAndSceneThenReturn", "TimePassed", "EventStart", "CallEventAndSceneThenReturn", "TimePassed", "EventStart", "CallEventAndSceneThenReturn", "TimePassed", "EventStart",
                    "ClearNonPersistentStatusEffects",
                    "ClearFightForVictory",
                    "CallLossLevelUp",
                    "JumpToEventThenScene", "VeneficasHomeExplore", "LostFightWithRosaura"
                ]
  }
  ]
}