{
    "name": "SFX Event",
    "CardType": "",
    "CardLimit": "0",
    "Description": "",
    "requires": [ ""],
    "Speakers": [
        {
          "name": "Blank",
          "postName": "",
          "SpeakerType": "Monster"
        }
      ],
    "EventText": [
        {
          "NameOfScene": "Intro",
          "theScene": [
                         "Dummy Intro for playtesting",
                         "SetChoice", "1", ""
            ]
        },
        {
          "NameOfScene": "Double Kiss",
          "theScene": [
                         "SwapLineIf", "Random",
                          "|f|PlaySoundEffect|/|../Mods/Fluffy Extended Universe/SFX/doublekiss1.mp3|n|",
                          "|f|PlaySoundEffect|/|../Mods/Fluffy Extended Universe/SFX/doublekiss2.mp3|n|",
                          "|f|PlaySoundEffect|/|../Mods/Fluffy Extended Universe/SFX/doublekiss3.mp3|n|",
                          "|f|PlaySoundEffect|/|../Mods/Fluffy Extended Universe/SFX/doublekiss4.mp3|n|",
                          "|f|PlaySoundEffect|/|../Mods/Fluffy Extended Universe/SFX/doublekiss5.mp3|n|",
                          "|f|PlaySoundEffect|/|../Mods/Fluffy Extended Universe/SFX/doublekiss6.mp3|n|",
                          "|f|PlaySoundEffect|/|../Mods/Fluffy Extended Universe/SFX/doublekiss7.mp3|n|",
                          "|f|PlaySoundEffect|/|../Mods/Fluffy Extended Universe/SFX/doublekiss8.mp3|n|",
                          "|f|PlaySoundEffect|/|../Mods/Fluffy Extended Universe/SFX/doublekiss9.mp3|n|",
                          "|f|PlaySoundEffect|/|../Mods/Fluffy Extended Universe/SFX/doublekiss10.mp3|n|",
                         "EndLoop"
                      ]
        },
        {
          "NameOfScene": "Double Laugh",
          "theScene": [
                         "SwapLineIf", "Random",
                          "|f|PlaySoundEffect|/|../Mods/Fluffy Extended Universe/SFX/doublelaugh1.mp3|n|",
                          "|f|PlaySoundEffect|/|../Mods/Fluffy Extended Universe/SFX/doublelaugh2.mp3|n|",
                          "|f|PlaySoundEffect|/|../Mods/Fluffy Extended Universe/SFX/doublelaugh3.mp3|n|",
                          "|f|PlaySoundEffect|/|../Mods/Fluffy Extended Universe/SFX/doublelaugh4.mp3|n|",
                          "|f|PlaySoundEffect|/|../Mods/Fluffy Extended Universe/SFX/doublelaugh5.mp3|n|",
                          "|f|PlaySoundEffect|/|../Mods/Fluffy Extended Universe/SFX/doublelaugh6.mp3|n|",
                          "|f|PlaySoundEffect|/|../Mods/Fluffy Extended Universe/SFX/doublelaugh7.mp3|n|",
                         "EndLoop"
                      ]
        },
        {
          "NameOfScene": "Kiss and Moan",
          "theScene": [
                         "SwapLineIf", "Random",
                          "|f|PlaySoundEffect|/|../Mods/Fluffy Extended Universe/SFX/kissLmoanR1.mp3|n|",
                          "|f|PlaySoundEffect|/|../Mods/Fluffy Extended Universe/SFX/kissLmoanR2.mp3|n|",
                          "|f|PlaySoundEffect|/|../Mods/Fluffy Extended Universe/SFX/kissLmoanR3.mp3|n|",
                          "|f|PlaySoundEffect|/|../Mods/Fluffy Extended Universe/SFX/kissLmoanR4.mp3|n|",
                          "|f|PlaySoundEffect|/|../Mods/Fluffy Extended Universe/SFX/kissLmoanR5.mp3|n|",
                          "|f|PlaySoundEffect|/|../Mods/Fluffy Extended Universe/SFX/kissRmoanL1.mp3|n|",
                          "|f|PlaySoundEffect|/|../Mods/Fluffy Extended Universe/SFX/kissRmoanL2.mp3|n|",
                          "|f|PlaySoundEffect|/|../Mods/Fluffy Extended Universe/SFX/kissRmoanL3.mp3|n|",
                          "|f|PlaySoundEffect|/|../Mods/Fluffy Extended Universe/SFX/kissRmoanL4.mp3|n|",
                          "|f|PlaySoundEffect|/|../Mods/Fluffy Extended Universe/SFX/kissRmoanL5.mp3|n|",
                         "EndLoop"
                      ]
        },
        {
          "NameOfScene": "Finish",
          "theScene": [
                         "SwapLineIf", "Random",
                          "|f|PlaySoundEffect|/|../Mods/Fluffy Extended Universe/SFX/Finish1.mp3|n|",
                          "|f|PlaySoundEffect|/|../Mods/Fluffy Extended Universe/SFX/Finish2.mp3|n|",
                         "EndLoop"
                      ]
        },
        {
          "NameOfScene": "Loop",
          "theScene": [
                         "SwapLineIf", "Random",
                          "|f|PlayLoopingSoundEffect2|/|../Mods/Fluffy Extended Universe/SFX/Loop1.mp3|n|",
                         "EndLoop"
            ]
        },
        {
          "NameOfScene": "LoopOff",
          "theScene": [
                         "|f|StopSoundEffectLoop2|n|"
            ]
        },
        {
          "NameOfScene": "SoloCum",
          "theScene": [
                         "SwapLineIf", "Random",
                          "|f|PlaySoundEffect|/|../Mods/Fluffy Extended Universe/SFX/Cum1.mp3|n|",
                          "|f|PlaySoundEffect|/|../Mods/Fluffy Extended Universe/SFX/Cum2.mp3|n|",
                          "|f|PlaySoundEffect|/|../Mods/Fluffy Extended Universe/SFX/Cum3.mp3|n|",
                          "|f|PlaySoundEffect|/|../Mods/Fluffy Extended Universe/SFX/Cum4.mp3|n|",
                          "|f|PlaySoundEffect|/|../Mods/Fluffy Extended Universe/SFX/Cum5.mp3|n|",
                         "EndLoop"
            ]
        },
        {
          "NameOfScene": "Single Side Kisses",
          "theScene": [
                         "SwapLineIf", "Random",
                         "|f|PlaySoundEffect|/|../Mods/Fluffy Extended Universe/SFX/KissL1.mp3|n|",
                         "|f|PlaySoundEffect|/|../Mods/Fluffy Extended Universe/SFX/KissL2.mp3|n|",
                         "|f|PlaySoundEffect|/|../Mods/Fluffy Extended Universe/SFX/KissL3.mp3|n|",
                         "|f|PlaySoundEffect|/|../Mods/Fluffy Extended Universe/SFX/KissL4.mp3|n|",
                         "|f|PlaySoundEffect|/|../Mods/Fluffy Extended Universe/SFX/KissL5.mp3|n|",
                         "|f|PlaySoundEffect|/|../Mods/Fluffy Extended Universe/SFX/KissR1.mp3|n|",
                         "|f|PlaySoundEffect|/|../Mods/Fluffy Extended Universe/SFX/KissR2.mp3|n|",
                         "|f|PlaySoundEffect|/|../Mods/Fluffy Extended Universe/SFX/KissR3.mp3|n|",
                         "|f|PlaySoundEffect|/|../Mods/Fluffy Extended Universe/SFX/KissR4.mp3|n|",
                         "|f|PlaySoundEffect|/|../Mods/Fluffy Extended Universe/SFX/KissR5.mp3|n|",
                         "EndLoop"
            ]
        },
        {
          "NameOfScene": "Blank",
          "theScene": [
                         "|f|PlaySoundEffect|/|../Mods/Fluffy Extended Universe/SFX/filename.mp3|n|"
            ]
        },
        {
          "NameOfScene": "Wrong Name",
          "theScene": [ 
                         "If you're seeing this, you named something wrong."
                      ]
        }
    ]
}