{
    "name": "SirjeCombat",
    "CardType": "",
    "CardLimit": "0",
    "Description": "",
    "requires": [ ""],
    "Speakers": [
        {
          "name": "Sirje",
          "postName": "",
          "SpeakerType": "Monster"
        }
      ],
    "EventText": [
        {
          "NameOfScene": "StartCombat",
          "theScene": [
                         "ChangeImageLayer", "Robe", "None",
                         "Sirje's flowing robe pulls away in a swirl of magical wind, and a pair of clones form flanking her.",
                         "GetEventAndIfChoice", "Visit Sirje", "1", "Mommy", "SetMommy",
                         "GetEventAndIfChoice", "Visit Sirje", "1", "Sirje", "SetSirje"
                      ]
        },
        {
          "NameOfScene": "SetMommy",
          "theScene": [
                         "SetChoice", "1", "Mommy",
                         "GivePerkToMonster", "Mommy",
                         "ChangeImageLayer", "Expression", "Smirk",
                         "Speaks",
                          "Mommy's not going to hold back~"
                      ]
        },
        {
          "NameOfScene": "SetSirje",
          "theScene": [
                         "SetChoice", "1", "Sirje",
                         "ChangeImageLayer", "Expression", "Smirk",
                         "Speaks",
                         "I'm not going to hold back~"
                      ]
        },
        {
          "NameOfScene": "StartRound",
          "theScene": [
                         "IfChoice", "2", "WakingDream", "DreamingCheck",
                         "IfPlayerHasStatusEffect", "Sleep", "DreamEater",
                         "StatEqualsOrMore", "Arousal", "2", "NotInstantLoss",
                         "JumpToScene", "Quickshot"
                      ]
        },
        {
          "NameOfScene": "NotInstantLoss",
          "theScene": [
                         ""
                      ]
        },
        {
          "NameOfScene": "DreamEater",
          "theScene": [
                         "ClearStances",
                         "ChangeBG", "../Mods/Sirje/Images/Dream.png",
                         "PlayImagePulseLoopingList2", "1.6", "1", "1",
                         "../Mods/Sirje/VFX/Sparkle level 1.png",
                         "../Mods/Sirje/VFX/Sparkle level 2.png",
                         "../Mods/Sirje/VFX/Sparkle level 3.png",
                         "../Mods/Sirje/VFX/Sparkle level 4.png",
                         "../Mods/Sirje/VFX/Sparkle level 5.png",
                         "../Mods/Sirje/VFX/Sparkle level 6.png",
                         "EndLoop",
                         "RemoveStatusEffect", "Sleep",
                         "As you sleep, your mind fills with a deep haze, your dream filled with twinkling stars...",
                         "FocusOnMonster", "1",
                         "ChangeImageLayer", "Expression", "Smile",
                         "FocusOnMonster", "2",
                         "ChangeImageLayer", "Expression", "Smile",
                         "FocusOnMonster", "3",
                         "ChangeImageLayer", "Expression", "Smile",
                         "And the soft, plush bodies of Sirje and her clones, inviting and warm.",
                         "Speaks",
                         "SwapLineIf", "Choice",
                          "1", "Mommy", "Come to Mommy~",
                          "1", "Sirje", "Come to me~",
                         "EndLoop",
                         "FocusOnMonster", "1",
                         "ChangeImageLayer", "Expression", "Kiss",
                         "FocusOnMonster", "2",
                         "ChangeImageLayer", "Expression", "Neutral",
                         "FocusOnMonster", "3",
                         "ChangeImageLayer", "Expression", "Smirk",
                         "FocusOnMonster", "1",
                         "ApplyStance", "Smother",
                         "HitPlayerWith", "Slothful Support",
                         "Your body obeys unbidden, as if pulled by phantom strings, leading you into the Harpy's soft, loving embrace. [DamageToPlayer]",
                         "PlayLoopingSoundEffect2", "../Mods/Sirje/SFX/Loop1.mp3",
                         "PlayCustomBarrage", "1", "1",
                          "../Mods/Sirje/VFX/SirjeKissL1.png",
                          "../Mods/Sirje/VFX/SirjeKissR1.png",
                          "../Mods/Sirje/VFX/SirjeKissL2.png",
                          "../Mods/Sirje/VFX/SirjeKissR2.png",
                          "../Mods/Sirje/VFX/SirjeKissL3.png",
                          "../Mods/Sirje/VFX/SirjeKissR3.png",
                          "../Mods/Sirje/VFX/SirjeKissL4.png",
                          "../Mods/Sirje/VFX/SirjeKissR4.png",
                          "../Mods/Sirje/VFX/SirjeKissL5.png",
                          "../Mods/Sirje/VFX/SirjeKissR5.png",
                         "EndLoop",
                         "FocusOnMonster", "1",
                         "ChangeImageLayer", "Expression", "Neutral",
                         "FocusOnMonster", "2",
                         "ChangeImageLayer", "Expression", "Kiss",
                         "FocusOnMonster", "3",
                         "ChangeImageLayer", "Expression", "Kiss",
                         "FocusOnMonster", "1",
                         "ApplyStanceToOtherMonster", "Clone", "Smother",
                         "ApplyStanceToOtherMonster", "Clone", "Smother",
                         "FocusOnMonster", "1",
                         "HitPlayerWith", "Slothful Support",
                         "The clones immediately circle in, smothering your cheeks and ears with kisses before your head has even touched the irresistable pillows that are Sirje's supple breasts. [DamageToPlayer]",
                         "ApplyStance", "Sex",
                         "HitPlayerWith", "Slothful Support",
                         "In the haze of blissful sleep, you don't even notice when your cock slips into Sirje's pussy, only realizing as her insides squeeze around you, sending a spike of pleasure that cuts through the haze for barely an instant before you're lost again. [DamageToPlayer]",
                         "SetChoice", "2", "WakingDream",
                         "JumpToScene", "DreamingCheck"
                      ]
        },
        {
          "NameOfScene": "DreamingCheck",
          "theScene": [
                         "IfPlayerHasStatusEffect", "Sleep", "SleepHit",
                         "CallEventAndSceneThenReturn", "CloneEvent", "RandomExpressions",
                         "CallEventAndSceneThenReturn", "SFX Event", "Double Laugh",
                         "SwapLineIf", "Random",
                          "Your mind is lost in a soft haze making it difficult to think, and your limbs move as if you're underwater. All you know for sure is that your body and mind are awash in pleasure, surrounded on all sides by Sirje and her clones.|f|SkipPlayerAttack|n|",
                          "",
                          "",
                          "",
                          "The dreamlike fog clouding your mind renders every thought difficult, and your limbs refuse to obey your commands, your tired body surrendering to the bliss being forced upon it.|f|SkipPlayerAttack|n|",
                          "",
                          "",
                          "",
                         "EndLoop"
                      ]
        },
        {
          "NameOfScene": "SleepHit",
          "theScene": [
                         "RemoveStatusEffect", "Sleep",
                         "SwapLineIf", "Random",
                          "When your mind finally gives in to exhaustion, darkness takes you for only a moment before you're awoken by Sirje's voice in your ears...",
                          "As your body falters, giving in to sleep, your eyes barely flutter closed before Sirje's voice echoes in your ears...",
                          "Your eyes drift closed unbidden, overtaken by drowziness, only to suddenly be struck awake by the sound of Sirje's voice in your ears...",
                         "EndLoop",
                         "CallEventAndSceneThenReturn", "SFX Event", "SoloCum",
                         "ChangeImageLayer", "Expression", "Kiss",
                         "FocusOnMonster", "2",
                         "ChangeImageLayer", "Expression", "Smirk",
                         "FocusOnMonster", "3",
                         "ChangeImageLayer", "Expression", "Smirk",
                         "FocusOnMonster", "1",
                         "Speaks",
                          "Cum~",
                         "PlayerOrgasm", "1",
                         "CallEventAndSceneThenReturn", "SFX Event", "Double Laugh",
                         "You shudder as the word floods your mind, bringing with it an irrestistable wave of orgasmic bliss that your body cannot help but heed, cum spilling from your cock in thick ropes.",
                         "The orgasm brings with it a flash of lucidity, which is immediately snuffed out as waves of sleep inducing magic settle over your mind once more.",
                         "ApplyStatusEffect", "Stifling Wings"
                      ]
        },
        {
          "NameOfScene": "Lazy Temptation",
          "theScene": [
                         "IfChoice", "1", "Mommy", "LazyTemptMommy",
                         "IfChoice", "1", "Sirje", "LazyTemptSirje"
                      ]
        },
        {
          "NameOfScene": "LazyTemptMommy",
          "theScene": [
                         "Sirje spreads her wings towards you invitingly...",
                         "FocusOnMonster", "1",
                         "ChangeImageLayer", "Expression", "Kiss",
                         "Speaks",
                          "Come to Mommy~",
                         "IfPlayerHasStatusEffect", "Charm", "GoToHerCharm",
                         "Menu",
                          "Stay away",
                          "Go to her",
                         "EndLoop"
                      ]
        },
        {
          "NameOfScene": "LazyTemptSirje",
          "theScene": [
                         "Sirje spreads her wings towards you invitingly...",
                         "FocusOnMonster", "1",
                         "ChangeImageLayer", "Expression", "Kiss",
                         "Speaks",
                          "Come to me~",
                         "Menu",
                          "Stay away",
                          "Go to her",
                         "EndLoop"
                      ]
        },
        {
          "NameOfScene": "Stay away",
          "theScene": [
                         "StatCheck", "ChangeStatCheckDifficulty", "IfChoice", "1", "Mommy ", "5",
                          "Temptation", "15", 
                          "StayAwaySuccess",
                          "Fail", "Go to her"
                      ]
        },
        {
          "NameOfScene": "StayAwaySuccess",
          "theScene": [
                         "IfChoice", "1", "Sirje", "SirjeStayAwaySuccess",
                         "You manage to still yourself without diving into the Harpy's warm, soft, loving embrace..."
                      ]
        },
        {
          "NameOfScene": "SirjeStayAwaySuccess",
          "theScene": [
                         "You manage to still yourself without diving into the Harpy's warm embrace."
                      ]
        },
        {
          "NameOfScene": "Go to her",
          "theScene": [
                         "IfChoice", "1", "Sirje", "SirjeGoToHer",
                         "You barely consider resisting before stumbling forward to fall into her sweet embrace.",
                         "JumpToScene", "LazyTemptFail"
                      ]
        },
        {
          "NameOfScene": "SirjeGoToHer",
          "theScene": [
                         "You try to resist but her invitation is too sweet to refuse, and you stumble forward to fall into her sweet embrace.",
                         "JumpToScene", "LazyTemptFail"
                      ]
        },
        {
          "NameOfScene": "GoToHerCharm",
          "theScene": [
                         "Your body moves before you can even think of resisting, stumbling forward to fall into her sweet embrace.",
                         "JumpToScene", "LazyTemptFail"
                      ]
        },
        {
          "NameOfScene": "LazyTemptFail",
          "theScene": [
                         "IfChoice", "1", "Mommy", "MommyLazyTempt",
                         "JumpToRandomScene",
                          "Sex",
                          "Blowjob",
                         "EndLoop"
                      ]
        },
        {
          "NameOfScene": "MommyLazyTempt",
          "theScene": [
                         "Speaks",
                          "Good boy~",
                         "The Harpy coos happily as you bury your face in her chest, her clones crowding in around you.",
                         "CallEventAndSceneThenReturn", "SFX Event", "Double Laugh",
                         "Speaks",
                          "Since you're such a good boy, Mommy will let you choose what to do next~",
                         "JumpToScene", "LazyTemptMenu"
                      ]
        },
        {
          "NameOfScene": "LazyTemptMenu",
          "theScene": [
                         "Menu",
                          "Sex",
                          "Blowjob",
                          "HideOptionOnRequirementFail", "InverseRequirement", "RequiresChoice", "99", "Kisses?", "Kisses?",
                         "EndLoop"
                      ]
        },
        {
          "NameOfScene": "Kisses?",
          "theScene": [
                         "Speaks",
                          "Oh, silly~ Mommy's going to kiss you senseless no matter what you choose~",
                         "HitPlayerWith", "Azure Kisses",
                         "CallEventAndSceneThenReturn", "SFX Event", "Single Side Kisses",
                         "The clones giggle as she lays a kiss on your cheek, her lips leaving a deep blue mark. [DamageToPlayer]",
                         "SetChoice", "99", "Kisses?",
                         "JumpToScene", "LazyTemptMenu"
                      ]
        },
        {
          "NameOfScene": "Sex",
          "theScene": [
                         "Without hesitation, the clones push in behind you, driving your hips forward and forcing your cock into Sirje's slick sex.",
                         "FocusOnMonster", "1",
                         "ApplyStance", "Sex",
                         "ApplyStance", "Smother",
                         "ApplyStanceToOtherMonster", "Clone", "Smother",
                         "ApplyStanceToOtherMonster", "Clone", "Smother",
                         "Speaks",
                          "Mmm~ Good boy~"
                      ]
        },
        {
          "NameOfScene": "Blowjob",
          "theScene": [
                         "FocusOnMonster", "1",
                         "ApplyStance", "Smother",
                         "ApplyStanceToOtherMonster", "Clone", "Blowjob",
                         "ApplyStanceToOtherMonster", "Clone", "Blowjob",
                         "CallEventAndSceneThenReturn", "SFX Event", "Double Kiss",
                         "HitPlayerWith", "Azure Double",
                         "A gust of magical wind wraps around your body, spinning you around so your back is against Sirje, her clones immediately leaning in to sandwich your cock between their luscious lips. [DamageToPlayer]"
                      ]
        },
        {
          "NameOfScene": "KissDrain",
          "theScene": [
                         "CallEventAndSceneThenReturn", "SFX Event", "Single Side Kisses",
                         "SwapLineIf", "Random",
                          "Each time Sirje's lips meet your skin, warmth flows into you, leaving you more drowzy...",
                          "Every warm kiss leaves you more relaxed, and you can't help but want to let go...",
                          "The harpy's soft kisses leave your mind tired and hazy...",
                         "EndLoop",
                         "ChangeEnergyQuietly", "5"
                      ]
        },
        {
          "NameOfScene": "ResonantFrequency",
          "theScene": [
                         "IfHasPerk", "Resonant Frequency", "Resonance",
                         "GivePerkQuietly", "Resonant Frequency"
                      ]
        },
        {
          "NameOfScene": "Resonance",
          "theScene": [
                         "HitPlayerWith", "ResonantFrequencyExplode",
                         "The soft humming builds on the resonance that still dwells inside you, a dull vibration that leaves your limbs weak and your cock painfully erect. [DamageToPlayer]",
                         "IfPlayerHasStance", "Penetration", "ResonanceVibrator"
                      ]
        },
        {
          "NameOfScene": "ResonanceVibrator",
          "theScene": [
                         "HitMonsterWith", "ResonantFrequencyExplode",
                         "Sirje murmurs softly, the vibrations running through your body spreading to her through your crotch. [DamageToEnemy]"
                      ]
        },
        {
          "NameOfScene": "ApplyArousalDebuff",
          "theScene": [
                         "As the words buzzing with magical intent enters your ears, you're filled with a warmth that melts away your resistance.",
                         "IfHasPerk", "ArousalDebuff1", "DebuffUp1",
                         "IfHasPerk", "ArousalDebuff2", "DebuffUp2",
                         "IfHasPerk", "ArousalDebuff3", "DebuffUp3",
                         "IfHasPerk", "ArousalDebuff4", "DebuffUp4",
                         "IfHasPerk", "ArousalDebuff5", "DebuffUp5",
                         "IfHasPerk", "ArousalDebuff6", "DebuffUp6",
                         "IfHasPerk", "ArousalDebuff7", "DebuffUp7",
                         "IfHasPerk", "ArousalDebuff8", "DebuffUp8",
                         "IfHasPerk", "ArousalDebuff9", "DebuffUp9",
                         "IfHasPerk", "ArousalDebuff10", "DebuffUp10",
                         "GivePerkQuietly", "ArousalDebuff1"
                      ]
        },
        {
          "NameOfScene": "DebuffUp1",
          "theScene": [
                         "RemovePerkQuietly", "ArousalDebuff1",
                         "GivePerkQuietly", "ArousalDebuff2"
                      ]
        },
        {
          "NameOfScene": "DebuffUp2",
          "theScene": [
                         "RemovePerkQuietly", "ArousalDebuff2",
                         "GivePerkQuietly", "ArousalDebuff3"
                      ]
        },
        {
          "NameOfScene": "DebuffUp3",
          "theScene": [
                         "RemovePerkQuietly", "ArousalDebuff3",
                         "GivePerkQuietly", "ArousalDebuff4"
                      ]
        },
        {
          "NameOfScene": "DebuffUp4",
          "theScene": [
                         "RemovePerkQuietly", "ArousalDebuff4",
                         "GivePerkQuietly", "ArousalDebuff5"
                      ]
        },
        {
          "NameOfScene": "DebuffUp5",
          "theScene": [
                         "RemovePerkQuietly", "ArousalDebuff5",
                         "GivePerkQuietly", "ArousalDebuff6"
                      ]
        },
        {
          "NameOfScene": "DebuffUp6",
          "theScene": [
                         "RemovePerkQuietly", "ArousalDebuff6",
                         "GivePerkQuietly", "ArousalDebuff7"
                      ]
        },
        {
          "NameOfScene": "DebuffUp7",
          "theScene": [
                         "RemovePerkQuietly", "ArousalDebuff7",
                         "GivePerkQuietly", "ArousalDebuff8"
                      ]
        },
        {
          "NameOfScene": "DebuffUp8",
          "theScene": [
                         "RemovePerkQuietly", "ArousalDebuff8",
                         "GivePerkQuietly", "ArousalDebuff9"
                      ]
        },
        {
          "NameOfScene": "DebuffUp9",
          "theScene": [
                         "RemovePerkQuietly", "ArousalDebuff9",
                         "GivePerkQuietly", "ArousalDebuff10"
                      ]
        },
        {
          "NameOfScene": "DebuffUp10",
          "theScene": [
                         "RemovePerkQuietly", "ArousalDebuff10",
                         "GivePerkQuietly", "ArousalDebuff10"
                      ]
        },
        {
          "NameOfScene": "SlothfulSupport",
          "theScene": [
                         "IfChoice", "1", "Mommy", "SlothfulSupportMommy",
                         "IfChoice", "1", "Sirje", "SlothfulSupportSirje"
                      ]
        },
        {
          "NameOfScene": "SlothfulSupportMommy",
          "theScene": [
                         "Speaks",
                         "SwapLineIf", "Random",
                          "You don't have to hold back~ Spurt it all out for Mommy~",
                          "Come on~ Mommy will take it all~",
                          "Let go~ Cum for Mommy~",
                         "EndLoop"
                      ]
        },
        {
          "NameOfScene": "SlothfulSupportSirje",
          "theScene": [
                         "Speaks",
                         "SwapLineIf", "Random",
                          "Cum for me~ I want to all~",
                          "It's pointless to hold back~",
                          "Just let go~ Let it all out~",
                         "EndLoop"
                      ]
        },
        {
          "NameOfScene": "Quickshot",
          "theScene": [
                         "IfPlayerHasStance", "Sex", "QuickshotSex", 
                         "IfPlayerHasStance", "Anal", "QuickshotSex",
                         "IfPlayerHasStance", "Blowjob", "QuickshotBJ"
                      ]
        },
        {
          "NameOfScene": "QuickshotSex",
          "theScene": [
                         "IfChoice", "1", "Mommy", "QuickshotSexMommy",
                         "IfChoice", "1", "Sirje", "QuickshotSexSirje"
                      ]
        },
        {
          "NameOfScene": "QuickshotSexMommy",
          "theScene": [
                         "Speaks",
                          "Good boy~ You're cumming so much for Mommy~",
                         "PlayerOrgasm", "1",
                         "Each soft word in your ear leaves your cock throbbing, every slight movement forcing you to cum, with no hope of holding back.",
                         "Speaks",
                          "I would say you should give up now...",
                         "PlayerOrgasm", "1",
                         "The clones coo softly into your ears, and you cum yet again.",
                         "Speaks",
                          "But it looks like your body has already made that decision for you~",
                         "PlayerOrgasm", "1",
                         "All she has to do is squeeze around you, your body responding each time by releasing another hot rope of seed into her eager depths.",
                         "Speaks",
                          "Don't worry~ Mommy will accept it all~",
                         "PlayerOrgasm", "1",
                         "The repeated orgasms leave your mind reeling in a daze of ecstasy, all thought of resistance lost in favour of filling Sirje with everything you have to offer.",
                         "PlayerOrgasm", "1",
                         "Speak", "Clones",
                          "Cum for Mommy~",
                         "PlayerOrgasm", "1",
                         "The clones press in on your back, smothering you in their soft, warm bodies, holding you still such that the only stimulation you can receive is from the Sirje's squeezing walls.",
                         "PlayerOrgasm", "1",
                         "And even that tender squeezing is enough to set you off, each successive ejaculation leaving your more and more sensitive until it's all you can do to wrap your arms around Sirje and try to endure.",
                         "SetSpirit", "0",
                         "Eventually, your body and mind give out, knocking you blissfully unconscious wrapped in the hot heavy blanket of Sirje and her clones.",
                         "Speaks",
                          "Come back soon~",
                         "GameOver"
                      ]
        },
        {
          "NameOfScene": "QuickshotSexSirje",
          "theScene": [
                         "Speaks",
                         "Good boy~ Cum for me~",
                        "PlayerOrgasm", "1",
                        "Each soft word in your ear leaves your cock throbbing, every slight movement forcing you to cum, with no hope of holding back.",
                        "Speaks",
                         "I would say you should give up now...",
                        "PlayerOrgasm", "1",
                        "The clones coo softly into your ears, and you cum yet again.",
                        "Speaks",
                         "But it looks like your body has already made that decision for you~",
                        "PlayerOrgasm", "1",
                        "All she has to do is squeeze around you, your body responding each time by releasing another hot rope of seed into her eager depths.",
                        "Speaks",
                         "Don't worry~ I'll take it all~ For you~",
                        "PlayerOrgasm", "1",
                        "The repeated orgasms leave your mind reeling in a daze of ecstasy, all thought of resistance lost in favour of filling Sirje with everything you have to offer.",
                        "PlayerOrgasm", "1",
                        "Speak", "Clones",
                         "Cum~ Cum~",
                        "PlayerOrgasm", "1",
                        "The clones press in on your back, smothering you in their soft, warm bodies, holding you still such that the only stimulation you can receive is from the Sirje's squeezing walls.",
                        "PlayerOrgasm", "1",
                        "And even that tender squeezing is enough to set you off, each successive ejaculation leaving your more and more sensitive until it's all you can do to wrap your arms around Sirje and try to endure.",
                        "SetSpirit", "0",
                        "Eventually, your body and mind give out, knocking you blissfully unconscious wrapped in the hot heavy blanket of Sirje and her clones.",
                        "Speaks",
                          "Come back soon~",
                        "GameOver"
                      ]
        },
        {
          "NameOfScene": "QuickshotBJ",
          "theScene": [
                         "IfChoice", "1", "Mommy", "QuickshotBJMommy",
                         "IfChoice", "1", "Sirje", "QuickshotBJSirje"
                      ]
        },
        {
          "NameOfScene": "QuickshotBJMommy",
          "theScene": [
                         "FocusOnMonster", "1",
                         "ChangeImageLayer", "Expression", "Smile",
                         "Speaks",
                         "Hmhm~ So sensitive~",
                         "FocusOnMonster", "1",
                         "ChangeImageLayer", "Expression", "Smirk",
                         "FocusOnMonster", "2",
                         "ChangeImageLayer", "Expression", "Smirk",
                         "FocusOnMonster", "3",
                         "ChangeImageLayer", "Expression", "Smirk",
                         "FocusOnMonster", "1",
                        "Sirje giggles, and the clones pause, their lips poised above your cock.",
                        "Speaks",
                         "I wonder what would happen if...",
                         "FocusOnMonster", "2",
                         "ChangeImageLayer", "Expression", "Kiss",
                         "FocusOnMonster", "3",
                         "ChangeImageLayer", "Expression", "Kiss",
                         "FocusOnMonster", "1",
                        "She coos, and the clones each slowly draw in a breath before, in unison, they lightly blow across your precum-leaking tip...",
                        "StatCheck",
                         "Willpower", "25", "EndureBJMommy",
                         "Fail", "FailBJMommy"
                      ]
        },
        {
          "NameOfScene": "EndureBJMommy",
          "theScene": [
                         "As sensitized as your body is, it takes every ounce of your willpower to hold back even against such light stimulation, your fingers squeezing Sirje's soft thighs as you struggle to endure.",
                         "FocusOnMonster", "1",
                         "ChangeImageLayer", "Expression", "Surprise",
                         "FocusOnMonster", "2",
                         "ChangeImageLayer", "Expression", "Smirk",
                         "FocusOnMonster", "3",
                         "ChangeImageLayer", "Expression", "Smirk",
                         "FocusOnMonster", "1",
                         "Speaks",
                          "Ooh~ You're managing to hold back~?",
                          "FocusOnMonster", "2",
                         "ChangeImageLayer", "Expression", "Kiss",
                         "FocusOnMonster", "3",
                         "ChangeImageLayer", "Expression", "Kiss",
                         "She coos as the clones continue to tease your throbbing glans with their breath, pushing you closer and closer to the edge you're trying to deny.",
                         "FocusOnMonster", "1",
                         "ChangeImageLayer", "Expression", "Smirk",
                         "Speaks",
                          "But there's no need for that~ After all...",
                         "PlayerOrgasm", "1",
                         "Before you can react, one of the clones leans in and seals her plush lips over your tip, the sudden sensation immediately sending you over the edge.",
                         "FocusOnMonster", "1",
                         "ChangeImageLayer", "Expression", "Kiss",
                         "Speaks",
                          "Mommy's going to suck you dry regardless~!",
                         "She giggles as cum spurts from your cock into the clone's mouth, her tongue sliding across your glans as she eagerly accepts your load, not pulling off until the last drop.",
                         "JumpToScene", "SirjeBJ part 2"
                      ]
        },
        {
          "NameOfScene": "FailBJMommy",
          "theScene": [
                         "PlayerOrgasm", "1",
                         "FocusOnMonster", "1",
                         "ChangeImageLayer", "Expression", "Surprise",
                         "FocusOnMonster", "2",
                         "ChangeImageLayer", "Expression", "Surprise",
                         "FocusOnMonster", "3",
                         "ChangeImageLayer", "Expression", "Surprise",
                         "You struggle desperately to hold back, but to your dismay your body surrenders even to this light teasing, your cock twitching weakly before a rope of cum spurts from your tip onto the face of one of the clones.",
                         "FocusOnMonster", "1",
                         "Speaks",
                          "Ooh~?",
                         "ChangeImageLayer", "Expression", "Kiss",
                         "FocusOnMonster", "2",
                         "ChangeImageLayer", "Expression", "Smirk",
                         "FocusOnMonster", "3",
                         "ChangeImageLayer", "Expression", "Lick",
                         "The clones giggle softly, and one leans over to lick your seed off the other's face, holding it in her mouth with a smirk.",
                         "Speaks",
                          "Good boy~ It looks like your body knows what Mommy wants~",
                         "JumpToScene", "MommyBJ part 2"
                      ]
        },
        {
          "NameOfScene": "MommyBJ part 2",
          "theScene": [
                         "FocusOnMonster", "1",
                         "ChangeImageLayer", "Expression", "Smirk",
                         "FocusOnMonster", "2",
                         "ChangeImageLayer", "Expression", "Kiss",
                         "FocusOnMonster", "3",
                         "ChangeImageLayer", "Expression", "Kiss",
                         "Then, rather than swallow the two clones press their lips together, moaning as they pass your cum back and forth between their tongues.",
                         "FocusOnMonster", "1",
                         "ChangeImageLayer", "Expression", "Kiss",
                         "Speaks",
                          "Your body has already given up~ So don't bother holding back and shoot it all~ out for Mommy~",
                          "FocusOnMonster", "2",
                         "ChangeImageLayer", "Expression", "Lick",
                         "FocusOnMonster", "3",
                         "ChangeImageLayer", "Expression", "Smirk",
                         "PlayerOrgasm", "1",
                         "You don't get the chance to respond, the clones breaking their kiss so that one can lean in and deliver a series of long, fast licks along the underside of your shaft, the other still holding your load in her mouth. Despite your resistance you can't hold back for long, your body surrendering to the pleasure just as the clone's tongue plays across your frenulum, another streak of cum shooting into her open mouth.",
                         "PlayerOrgasm", "1",
                         "FocusOnMonster", "1",
                         "ChangeImageLayer", "Expression", "Smile",
                         "FocusOnMonster", "2",
                         "ChangeImageLayer", "Expression", "Kiss",
                         "FocusOnMonster", "3",
                         "ChangeImageLayer", "Expression", "Kiss",
                         "Just like the last time, the clone waits until your orgasm is finished before breaking away and joining lips with the other, mixing this load with the first.",
                         "Speaks",
                          "Lets see just how much Mommy can get out of you~",
                         "PlayerOrgasm", "1",
                         "The clones take turns, each one alternating between holding your cum forcing yet more from you, leaving you in a constant haze of post-orgasm afterglow punctuated by clarity when their lips or tongues meet your overly-sensitized manhood.",
                         "PlayerOrgasm", "1",
                         "FocusOnMonster", "1",
                         "ChangeImageLayer", "Expression", "Smirk",
                         "Speaks",
                          "Spurt it all~ Out into Mommy's mouth~",
                         "PlayerOrgasm", "1",
                         "Each orgasm comes faster than the last, increased sensitivity allowing them to push you to climax faster, each blissful release further increasing your sensitivity, your body and mind both trapped in the endless cycle of ecstasy",
                         "PlayerOrgasm", "1",
                         "FocusOnMonster", "1",
                         "ChangeImageLayer", "Expression", "Kiss",
                         "FocusOnMonster", "2",
                         "ChangeImageLayer", "Expression", "Lick",
                         "FocusOnMonster", "3",
                         "ChangeImageLayer", "Expression", "Lick",
                         "FocusOnMonster", "1",
                         "Speaks",
                          "Mommy will take care of everything~ So shoot out all the pesky thoughts in that head as you cum~ For Mommy~",
                         "PlayerOrgasm", "1",
                         "FocusOnMonster", "2",
                         "ChangeImageLayer", "Expression", "Kiss",
                         "FocusOnMonster", "3",
                         "ChangeImageLayer", "Expression", "Smirk",
                         "The constant post-orgasm stimulation overwhelms your senses, leaving you incoherent, incapable of doing anything but cum as the harpy and her clones demand.",
                         "PlayerOrgasm", "1",
                         "FocusOnMonster", "2",
                         "ChangeImageLayer", "Expression", "Lick",
                         "FocusOnMonster", "3",
                         "ChangeImageLayer", "Expression", "Kiss",
                         "Only when your body finally gives out to the harpies stop, the last thing you see as your vision fades being the clones at last happily gulping down your cum.",
                         "FocusOnMonster", "1",
                         "ChangeImageLayer", "Expression", "Kiss",
                         "FocusOnMonster", "2",
                         "ChangeImageLayer", "Expression", "Kiss",
                         "FocusOnMonster", "3",
                         "ChangeImageLayer", "Expression", "Kiss",
                         "FocusOnMonster", "1",
                         "Speaks",
                          "Come back to Mommy soon~",
                         "GameOver"
                      ]
        },
        {
          "NameOfScene": "QuickshotBJSirje",
          "theScene": [
                         "FocusOnMonster", "1",
                         "ChangeImageLayer", "Expression", "Smile",
                         "Speaks",
                         "Hmhm~ So sensitive~",
                         "FocusOnMonster", "1",
                         "ChangeImageLayer", "Expression", "Smirk",
                         "FocusOnMonster", "2",
                         "ChangeImageLayer", "Expression", "Smirk",
                         "FocusOnMonster", "3",
                         "ChangeImageLayer", "Expression", "Smirk",
                         "FocusOnMonster", "1",
                        "Sirje giggles, and the clones pause, their lips poised above your cock.",
                        "Speaks",
                         "I wonder what would happen if...",
                         "FocusOnMonster", "2",
                         "ChangeImageLayer", "Expression", "Kiss",
                         "FocusOnMonster", "3",
                         "ChangeImageLayer", "Expression", "Kiss",
                         "FocusOnMonster", "1",
                        "She coos, and the clones each slowly draw in a breath before, in unison, they lightly blow across your precum-leaking tip...",
                        "StatCheck",
                         "Willpower", "25", "EndureBJSirje",
                         "Fail", "FailBJSirje"
                      ]
        },
        {
          "NameOfScene": "EndureBJSirje",
          "theScene": [
                         "As sensitized as your body is, it takes every ounce of your willpower to hold back even against such light stimulation, your fingers squeezing Sirje's soft thighs as you struggle to endure.",
                         "FocusOnMonster", "1",
                         "ChangeImageLayer", "Expression", "Surprise",
                         "FocusOnMonster", "2",
                         "ChangeImageLayer", "Expression", "Smirk",
                         "FocusOnMonster", "3",
                         "ChangeImageLayer", "Expression", "Smirk",
                         "FocusOnMonster", "1",
                         "Speaks",
                          "Ooh~ You're managing to hold back~?",
                          "FocusOnMonster", "2",
                         "ChangeImageLayer", "Expression", "Kiss",
                         "FocusOnMonster", "3",
                         "ChangeImageLayer", "Expression", "Kiss",
                         "She coos as the clones continue to tease your throbbing glans with their breath, pushing you closer and closer to the edge you're trying to deny.",
                         "FocusOnMonster", "1",
                         "ChangeImageLayer", "Expression", "Smirk",
                         "Speaks",
                          "But there's no need for that~ After all...",
                         "PlayerOrgasm", "1",
                         "Before you can react, one of the clones leans in and seals her plush lips over your tip, the sudden sensation immediately sending you over the edge.",
                         "FocusOnMonster", "1",
                         "ChangeImageLayer", "Expression", "Kiss",
                         "Speaks",
                          "You're going to be sucked dry regardless~!",
                         "She giggles as cum spurts from your cock into the clone's mouth, her tongue sliding across your glans as she eagerly accepts your load, not pulling off until the last drop.",
                         "JumpToScene", "SirjeBJ part 2"
                      ]
        },
        {
          "NameOfScene": "FailBJSirje",
          "theScene": [
                         "PlayerOrgasm", "1",
                         "FocusOnMonster", "1",
                         "ChangeImageLayer", "Expression", "Surprise",
                         "FocusOnMonster", "2",
                         "ChangeImageLayer", "Expression", "Surprise",
                         "FocusOnMonster", "3",
                         "ChangeImageLayer", "Expression", "Surprise",
                         "You struggle desperately to hold back, but to your dismay your body surrenders even to this light teasing, your cock twitching weakly before a rope of cum spurts from your tip onto the face of one of the clones.",
                         "FocusOnMonster", "1",
                         "Speaks",
                          "Ooh~?",
                         "ChangeImageLayer", "Expression", "Kiss",
                         "FocusOnMonster", "2",
                         "ChangeImageLayer", "Expression", "Smirk",
                         "FocusOnMonster", "3",
                         "ChangeImageLayer", "Expression", "Lick",
                         "The clones giggle softly, and one leans over to lick your seed off the other's face, holding it in her mouth with a smirk.",
                         "Speaks",
                          "Good boy~ It looks like your body knows what I want~",
                         "JumpToScene", "SirjeBJ part 2"
                      ]
        },
        {
          "NameOfScene": "SirjeBJ part 2",
          "theScene": [
                         "FocusOnMonster", "1",
                         "ChangeImageLayer", "Expression", "Smirk",
                         "FocusOnMonster", "2",
                         "ChangeImageLayer", "Expression", "Kiss",
                         "FocusOnMonster", "3",
                         "ChangeImageLayer", "Expression", "Kiss",
                         "Then, rather than swallow the two clones press their lips together, moaning as they pass your cum back and forth between their tongues.",
                         "FocusOnMonster", "1",
                         "ChangeImageLayer", "Expression", "Kiss",
                         "Speaks",
                          "Your body has already given up~ So don't bother holding back and shoot it all~ out for me~",
                          "FocusOnMonster", "2",
                         "ChangeImageLayer", "Expression", "Lick",
                         "FocusOnMonster", "3",
                         "ChangeImageLayer", "Expression", "Smirk",
                         "PlayerOrgasm", "1",
                         "You don't get the chance to respond, the clones breaking their kiss so that one can lean in and deliver a series of long, fast licks along the underside of your shaft, the other still holding your load in her mouth. Despite your resistance you can't hold back for long, your body surrendering to the pleasure just as the clone's tongue plays across your frenulum, another streak of cum shooting into her open mouth.",
                         "PlayerOrgasm", "1",
                         "FocusOnMonster", "1",
                         "ChangeImageLayer", "Expression", "Smile",
                         "FocusOnMonster", "2",
                         "ChangeImageLayer", "Expression", "Kiss",
                         "FocusOnMonster", "3",
                         "ChangeImageLayer", "Expression", "Kiss",
                         "Just like the last time, the clone waits until your orgasm is finished before breaking away and joining lips with the other, mixing this load with the first.",
                         "Speaks",
                          "Lets see just how much I can get out of you~",
                         "PlayerOrgasm", "1",
                         "The clones take turns, each one alternating between holding your cum forcing yet more from you, leaving you in a constant haze of post-orgasm afterglow punctuated by clarity when their lips or tongues meet your overly-sensitized manhood.",
                         "PlayerOrgasm", "1",
                         "FocusOnMonster", "1",
                         "ChangeImageLayer", "Expression", "Smirk",
                         "Speaks",
                          "Spurt it all~ out into my mouth~",
                         "PlayerOrgasm", "1",
                         "Each orgasm comes faster than the last, increased sensitivity allowing them to push you to climax faster, each blissful release further increasing your sensitivity, your body and mind both trapped in the endless cycle of ecstasy",
                         "PlayerOrgasm", "1",
                         "FocusOnMonster", "1",
                         "ChangeImageLayer", "Expression", "Kiss",
                         "FocusOnMonster", "2",
                         "ChangeImageLayer", "Expression", "Lick",
                         "FocusOnMonster", "3",
                         "ChangeImageLayer", "Expression", "Lick",
                         "FocusOnMonster", "1",
                         "Speaks",
                          "I'll will take care of everything~ So shoot out all the pesky thoughts in that head as you cum~ for me~",
                         "PlayerOrgasm", "1",
                         "FocusOnMonster", "2",
                         "ChangeImageLayer", "Expression", "Kiss",
                         "FocusOnMonster", "3",
                         "ChangeImageLayer", "Expression", "Smirk",
                         "The constant post-orgasm stimulation overwhelms your senses, leaving you incoherent, incapable of doing anything but cum as the harpy and her clones demand.",
                         "PlayerOrgasm", "1",
                         "FocusOnMonster", "2",
                         "ChangeImageLayer", "Expression", "Lick",
                         "FocusOnMonster", "3",
                         "ChangeImageLayer", "Expression", "Kiss",
                         "Only when your body finally gives out to the harpies stop, the last thing you see as your vision fades being the clones at last happily gulping down your cum.",
                         "FocusOnMonster", "1",
                         "ChangeImageLayer", "Expression", "Kiss",
                         "FocusOnMonster", "2",
                         "ChangeImageLayer", "Expression", "Kiss",
                         "FocusOnMonster", "3",
                         "ChangeImageLayer", "Expression", "Kiss",
                         "FocusOnMonster", "1",
                         "Speaks",
                          "Come back soon~",
                         "GameOver"
                      ]
        },
        {
          "NameOfScene": "OrgasmCheck",
          "theScene": [
                         "IfMonsterSpiritGone", "VictoryCheck"
                      ]
        },
        {
          "NameOfScene": "VictoryCheck",
          "theScene": [
                         "You the winner!",
                         "EndCombat"
                      ]
        },
        {
          "NameOfScene": "Blank",
          "theScene": [
                         "IfPlayerHasStance", "Sex", "VictorySex",
                         "IfPlayerHasStance", "Blowjob", "VictoryBlowjob",
                         "JumpToScene", "VictoryNoStance"
                      ]
        },
        {
          "NameOfScene": "Blank",
          "theScene": [
                         ""
                      ]
        },
        {
          "NameOfScene": "Blank",
          "theScene": [
                         ""
                      ]
        },
        {
          "NameOfScene": "USEFUL COPIES",
          "theScene": [
                         "",
                         "FocusOnMonster", "1",
                         "ChangeImageLayer", "Expression", "Kiss",
                         "",
                         "CallEventAndSceneThenReturn", "CloneEvent", "RandomExpressions",
                         "",
                         "CallEventAndSceneThenReturn", "SFX Event", "",
                         ""
                      ]
        },
        {
          "NameOfScene": "Blank",
          "theScene": [
                         ""
                      ]
        },
        {
          "NameOfScene": "Wrong Name",
          "theScene": [ 
                         "If you're seeing this, you named something wrong."
                      ]
        }
    ]
}