{
    "name": "SleimVllge",
    "Addition": "Yes",
    "Speakers": [
        {
          "name": "",
          "postName": "",
          "SpeakerType": ""
        }
      ],
    "EventText": [
        {
          "NameOfScene": "Do some shopping.",
          "theScene": [
                         "ShopAddition",
                         "Pineapple Juice",
                         "EndLoop"
                      ]
        },
        {
          "NameOfScene": "Shopping2",
          "theScene": [
                         "ShopAddition",
                         "Pineapple Juice",
                         "EndLoop"
                      ]
        },
        {
          "NameOfScene": "Shopping3",
          "theScene": [
                         "ShopAddition",
                         "Pineapple Juice",
                         "EndLoop"
                      ]
        }
    ]
}