{
  "name": "VeneficasMilkingPet",
  "Addition": "Yes",
  "Speakers": [
      {
          "name": "Venefica",
          "postName": "",
          "SpeakerType": ""
      }
  ],
  "EventText": [
    {
      "NameOfScene": "EdgedSemenPayment",
      "theScene": [ "GetEventAndChangeProgress", "'Bon Bon Bun'", "8",
                    "ChangeFetish", "VeneficasFindom", "-5",
                    "ChangeFetish", "Edging", "5",
                    "ChangeImageLayer", "Expression", "1", "Base", "ChangeImageLayer", "HatAndFaceEffects", "1", "HatBase", "ChangeImageLayer", "Base", "1", "Base",
                    "AllowInventory",
                    "In a daze you wake up in the cell bed, the door open, and see Venefica walking about, putting your clothes in a neat pile, and restoring function to your recall stone. She glances over at you as she notices you stirring.",
                    "Speaks",
                    "Don't feel forced to get up right away. You probably need some rest after being so thoroughly milked.",
                    "SwapLineIf", "Virility",
                          "500", "Dumbly you nod and cuddle back into the soft, circular bed with a happy sigh and in the corner of your vision you see Venefica setting a pouch of eros with your clothes, and a slip of paper reading 'SSS Grade 'Fermented' Semen'...|f|ChangeEros|/|10000|n|",
                          "300", "Dumbly you nod and cuddle back into the soft, circular bed with a happy sigh and in the corner of your vision you see Venefica setting a pouch of eros with your clothes, and a slip of paper reading 'SS Grade 'Fermented' Semen'...|f|ChangeEros|/|8500|n|",
                          "200", "Dumbly you nod and cuddle back into the soft, circular bed with a happy sigh and in the corner of your vision you see Venefica setting a pouch of eros with your clothes, and a slip of paper reading 'S Grade 'Fermented' Semen'...|f|ChangeEros|/|7000|n|",
                          "100", "Dumbly you nod and cuddle back into the soft, circular bed with a happy sigh and in the corner of your vision you see Venefica setting a pouch of eros with your clothes, and a slip of paper reading 'A Grade 'Fermented' Semen'...|f|ChangeEros|/|4000|n|",
                          "75",  "Dumbly you nod and cuddle back into the soft, circular bed with a happy sigh and in the corner of your vision you see Venefica setting a pouch of eros with your clothes, and a slip of paper reading 'B Grade 'Fermented' Semen'...|f|ChangeEros|/|2500|n|",
                          "50",  "Dumbly you nod and cuddle back into the soft, circular bed with a happy sigh and in the corner of your vision you see Venefica setting a pouch of eros with your clothes, and a slip of paper reading 'C Grade 'Fermented' Semen'...|f|ChangeEros|/|1000|n|",
                          "25",  "Dumbly you nod and cuddle back into the soft, circular bed with a happy sigh and in the corner of your vision you see Venefica setting a pouch of eros with your clothes, and a slip of paper reading 'D Grade 'Fermented' Semen'...|f|ChangeEros|/|500|n|",
                          "0",   "Dumbly you nod and cuddle back into the soft, circular bed with a happy sigh and in the corner of your vision you see Venefica setting a pouch of eros with your clothes, and a slip of paper reading 'F Grade 'Fermented' Semen'...|f|ChangeEros|/|250|n|",
                    "EndLoop",
                    "HoldCurrentVirilityEnd",
                   "JumpToScene", "PostPayment"
                ]
  }
  ]
}