{
  "name": "VeneficasHomeExplore",
  "Addition": "Yes",
  "Speakers": [
      {
          "name": "Venefica",
          "postName": "",
          "SpeakerType": ""
      },
      {
        "name": "Rosaura",
        "postName": "",
        "SpeakerType": ""
      }
  ],
  "EventText": [
    {
      "NameOfScene": "Let her pleasure you.",
      "theScene": [     "ChangeImageLayer", "Expression", "1", "Caring",
                      "She crooks a finger and gestures you closer at your agreement to let her pleasure you.",
                      "Speaks2",
                      "Then come closer sweetie.♥",
                      "Tentatively you step closer to the large flower, your cock already throbbing excitedly, and she leans forward, tightly hugging you with a smile, helping you into the flower, her large, soft tits pressing their warmth against you while a wonderfully sweet rose scent starts to permeate your senses.",
                      "Speaks2",
                      "Let's get you ready.♥",
                      "ChangeImageLayer", "Expression", "1", "Pleasured", "ChangeArousalByPercent", "5",
                      "She lovingly pulls you into a deep kiss, one of her hands on the back of your head while the other gently strokes your back, and she sweetly moans into your mouth as your tongues entangle, gradually feeding you a slow flow of her nectar saliva. You eagerly wrap your arms around her in turn and find your rigid erection sandwiched between her delightfully soft thighs.",
                      "ChangeArousalByPercent", "5",
                      "You passionately make out for a few moments, the taste of her nectar, and the scent of roses filling your senses with a fuzzy, horny haze, your hands trailing off her body, eagerly groping her luscious curves while your hips mindlessly thrust your dick between her legs, the warmth of her drooling pussy radiating across your manhood.",
                      "ChangeImageLayer", "Expression", "1", "Smug",
                      "Speaks2",
                      "Mnnn,♥ that didn't Mph-♥ take long,♥ did it cutie?♥",
                      "ChangeArousalByPercent", "5",
                      "She breaks the wet kiss, leaving a string of nectar and saliva hanging between you, and you stare at her in an infatuated daze, gasping with desire as you start to grab her hips to penetrate her gushing pussy. Only for her to gently push you away with a sly giggle, teasingly trailing one finger down your chest.",
                      "Speaks2",
                      "Ah-Ah-Ah-♥ We're not fucking like that.",
                      "ChangeImageLayer", "Expression", "1", "Seductive", "ChangeArousalByPercent", "10",
                      "ChangeBGM", "music/Casino/07 After the act.mp3",
                      "She quickly pivots and bends over in front of you, presenting her wide womanly hips and temptingly plump ass, giving them a seductive shake as she leans on the edge of the flower with a smile, the infatuating fragrance of roses flooding your head even more.",
                      "Speaks2",
                      "Fuck me like {i}this.♥{/i}",
                      "ChangeArousalByPercent", "10",
                      "Your cock twitches and leaks precum at the mere sight of her alluring show, and without a moment's hesitation you step forward and grab her hips, plunging your aching dick inside her slick pussy moaning blissfully as you sink your fingers into her soft rear and thrust your hips into hers, sending jolts of pleasure cascading through your groin.",
                      "ChangeImageLayer", "Expression", "1", "Smug",
                      "Speaks2",
                      "Mmm-♥ Isn't that better?♥ Lover boy?♥",
                      "ChangeArousalByPercent", "10",
                      "Her teasing nickname strikes through you like a bolt of pleasurable lightning, and you can't stop yourself from fucking her a little faster, the aphrodisiac nectar intermingling with the cloying rose scent in the air leaves you feeling so love-struck you can barely think straight, your eyes excitedly drinking in every bit of Rosaura's luscious body.",
                      "ChangeImageLayer", "Expression", "1", "Caring",
                      "Speaks2",
                      "Ohhh-♥ Mhmh,♥ or would you rather I call you {i}darling{/i}?",
                      "ChangeArousalByPercent", "10",
                      "You gasp and your brain feels like it's melting from her rose tinged words, your thoughts painted pink with love and roses as you eagerly plow her drooling pussy, forgetting about everything else with each and every thrust, your cock excitedly throbbing as you get closer to the edge.",
                      "ChangeImageLayer", "Expression", "1", "Smug",
                      "Speaks2",
                      "Hehe,♥ come on, lean over and play with my tits, sweetie.♥",
                      "ChangeArousalByPercent", "10",
                      "Without a moment's hesitation you obey Rosaura's teasing words, lining up your head next to hers as your hands slide from her waist to her heavy breasts, kneading and teasing them while you passionately swing your hips, excitedly making love with her, sending the wet sounds of sex echoing through the garden.",
                      "ChangeImageLayer", "Expression", "1", "Seductive",
                      "Speaks2",
                      "Mmmmm-♥ You're such a good boy.♥",
                      "ChangeArousalByPercent", "20",
                      "Her words shiver through your senses like warm honey, and you're left eagerly grinning, only for her to turn her head and pull you into a loving kiss while you fuck, leaving you eagerly moaning as your entire body throbs with heat and ecstasy.",
                      "ChangeImageLayer", "Expression", "1", "Pleasured",
                      "Speaks2",
                      "Mnn-♥ Don't Mhh-♥ hold back.♥",
                      "ChangeArousalByPercent", "50",
                      "You moan into her mouth as with a few final impactful thrusts your entire body tenses up in quivering bliss, and you- don't cum. And your cock is left spasming happily inside her squeezing pussy, leaking copious amounts of pre-cum into her, while you twitch and shiver on the edge of climax, your hips slowly getting back to thrusts as you seek release for the ache in your groin.",
                        "ChangeImageLayer", "Expression", "1", "Smug",
                      "ChangeArousalByPercent", "25",
                      "ChangeBGM", "music/Loss/reason.mp3",
                      "She breaks the kiss as you gasp with delirium, giving her wide seductive hips a lewd shake against your waist blanking out your brain with need, the scent of roses staining every thought. Her sideways smile becoming just a little evil.",
                        "ChangeImageLayer", "Expression", "1", "Mocking",
                      "Speaks2",
                      "Hmmm? I wonder.♥ Did you forget Venefica put a spell on you? So you can't cum?♥",
                      "ChangeImageLayer", "Expression", "1", "Smug", "ChangeArousalByPercent", "25",
                      "You gasp and whimper as you can't stop your hips from swinging, sending a constant string of pre-climactic ecstasy surging through your as you body instinctively searches for release, and Rosaura lets out a smug laugh.",
                      "Speaks2",
                      "It doesn't really matter though. It feels {i}so{/i} good doesn't it?♥",
                      "ChangeArousalByPercent", "25",
                      "Desperately you try to push yourself away from her, despite your trembling pleasure wracked body, but she only laughs and follows your movements, leaving you laying on your back in the flower while she rides your cock reverse cowgirl, giving you an eyeful of her bouncing ass while pleasure surges through your shivering form, keeping a chorus of moans escaping from your lips.",
                      "ChangeImageLayer", "Expression", "1", "DominantLipLick", "ChangeImageLayer", "Face", "1", "Evil",
                      "Speaks2",
                      "Ah-Ah-Ah-♥ You're not getting away now.♥ You're all mine until Venefica comes to check on you or the garden. Ufufu.",
                      "ChangeImageLayer", "Expression", "1", "Dominant", "ChangeArousalByPercent", "25",
                      "She hilts your length before teasingly gyrating and swaying her wide hips back and forth, her pussy tightly squeezing and clinging to your spasming erection, milking out a constant stream of precum while your entire body is immersed in constant, trembling, near orgasmic bliss.",
                      "Speaks2",
                      "So gush and squirt out your pre-cum for me okay?♥ Just forget about everything else for a little while, and be my fertilizer.♥",
                      "ChangeArousalByPercent", "100",
                      "She starts to swing her hips again and your hips jerk upwards as your tip veritably sprays precum into her, leaving your eyes rolling back with intense bliss as you're still refused proper release, the rose scent filling your head leaving you loving it more and more with each passing moment.",
                      "ChangeImageLayer", "Expression", "1", "Caring",
                      "Speaks2",
                      "Ufufu,♥ so cute.♥",
                      "ChangeImageLayer", "Expression", "1", "Smug",  "ChangeImageLayer", "Face", "1", "Base",
                      "Speaks2",
                      "But I shouldn't over do it.♥",
                      "ChangeArousalByPercent", "25",
                      "You gasp and shiver with delirium as she slowly, and with a show of impressive flexibility, turns herself around to face you while keeping your spasming erection inside her, pressing herself tight against you, her heavy tits making you shiver as they rub against your chest and she gazes into your eyes.",
                      "ChangeImageLayer", "Expression", "1", "Seductive",
                      "Speaks2",
                      "Let's get you nice and settled for the long term.♥",
                      "ChangeArousalByPercent", "50",
                      "Before you can manage a coherent response, she deeply kisses you again, locking your lips while she slowly bounces her hips on your leaking cock, leaving you twitching and shivering as she milks out a steady stream of pre-cum from you, your brain a complete love and pleasure drunk mess as you ride constant waves of pleasure for what feels like eternity...",
                      "ChangeArousalByPercent", "50", "StopBGM",
                      "...",
                      "ChangeSensitivity", "Sex", "20",
                      "ChangeFetish", "Sex", "25",
                      "ChangeFetish", "VeneficasMilkingPet", "10",
                      "ChangeFetish", "Edging", "5",
                      "CallEventAndSceneThenReturn", "TimePassed", "EventStart", "CallEventAndSceneThenReturn", "TimePassed", "EventStart", "CallEventAndSceneThenReturn", "TimePassed", "EventStart", "CallEventAndSceneThenReturn", "TimePassed", "EventStart", "CallEventAndSceneThenReturn", "TimePassed", "EventStart",
                      "CallEventAndSceneThenReturn", "TimePassed", "EventStart", "CallEventAndSceneThenReturn", "TimePassed", "EventStart", "CallEventAndSceneThenReturn", "TimePassed", "EventStart", "CallEventAndSceneThenReturn", "TimePassed", "EventStart", "CallEventAndSceneThenReturn", "TimePassed", "EventStart",
                      "CallEventAndSceneThenReturn", "TimePassed", "EventStart", "CallEventAndSceneThenReturn", "TimePassed", "EventStart", "CallEventAndSceneThenReturn", "TimePassed", "EventStart", "CallEventAndSceneThenReturn", "TimePassed", "EventStart", "CallEventAndSceneThenReturn", "TimePassed", "EventStart",

                    "DisplayCharacters",
                        "1",
                       "2",
                      "EndLoop",
                      "ChangeBGM", "music/Loss/Falling Down.mp3",
                      "ChangeImageLayer", "Expression", "1", "Cold", "ChangeImageLayer", "Expression", "2", "Base",
                      "In a hazy daze you barely register Rosaura finally ending her sexual teasing, and you can barely form a single coherent thought, noting with a sloppy grin Venefica's in the garden with a mildly curious look.",
                      "Speaks",
                      "So {i}that's{/i} where he got off too...",
                      "Speaks2",
                      "Yup, I teased and edged him the {i}whole{/i} time. He {i}loved{/i} every second of it.♥",
                      "ChangeImageLayer", "Expression", "1", "Devious",
                      "Speaks",
                      "Heh, I can {i}see{/i} that.",
                      "ChangeImageLayer", "Expression", "2", "Smug",
                      "Speaks2",
                      "I bet his balls are extra aching and full now.♥ I hope it helps, fufu.♥ {i}Oh,{/i} speaking of, do you think I could use him for some 'proper' fertilizer some time?♥",
                      "ChangeImageLayer", "Expression", "1", "Sigh",
                      "Speaks",
                      "Maybe, maybe not... But for now, I need to get him back in his cell so he can recover from this.",
                      "ChangeImageLayer", "Expression", "2", "Base",
                      "Speaks2",
                      "Hehe, alright.♥ Sleep well cutie.♥",
                      "As Venefica gently retrieves you from Rosaura, you find yourself drifting to sleep from exhaustion, despite your entire body still hot and quivering with needy arousal.",
                      "JumpToScene", "BackInCellAfterLewds"
                  ]
  },
  {
    "NameOfScene": "She leaves you in your cell, but toys with you using magic.",
    "theScene": [   "ChangeImageLayer", "Expression", "1", "Smug",
                    "Speaks",
                    "Oh! Hehe, I think I have just the thing in store for you.",
                    "With little fanfare she drags you back down to the basement, a bit of nervous trepidation welling inside you as she seems to have a bit of an excited spring in her step.",
                    "She practically tosses you back into the cell and you land on the cushy bed with a soft impact, letting you roll over just in time to see her shut the door and lock it closed anew.",
                    "ChangeImageLayer", "Expression", "1", "Base",
                    "Speaks",
                    "Now, you're going to be good, and stay in here for your punishment.",
                    "You can't help but feel a little confused at this, given this is just where you were before. But then you watch as she pulls out a small lollipop from a pocket with her obsidian claws, gingerly pulling off the wrapper.",
                    "ChangeImageLayer", "Expression", "1", "LipLick", "ChangeArousalByPercent", "10",
                    "She then rolls her tongue over it with a mischievous laugh, and you gasp as your hips jerk forward, the sensation of her tongue teasing your cock catching you off guard, your cockhead throbbing blissfully from the stimulation.",
                    "ChangeImageLayer", "Expression", "1", "Smug", "ChangeArousalByPercent", "10",
                    "Venefica then peppers the candy with a few kisses, a feeling of ethereal lips on your tip replicating what she's doing perfectly, each making you shiver in delight on the soft floor bound bed.",
                    "ChangeArousalByPercent", "10",
                    "With an evil laugh she pushes the candy past her soft lips and starts to lick and suck on it idly, making your erection spasm excitedly as the ghostly sensation of a mouth bobbing down your length, and a tongue teasing your tip and shaft, her long sinuous tongue toying with you even as she starts to speak.",
                    "ChangeImageLayer", "Expression", "1", "LipLick",
                    "Speaks",
                    "Now, I'm sure this doesn't seem like a punishment {i}now{/i}...",
                    "ChangeImageLayer", "Expression", "1", "Devious",
                    "ChangeBGM", "music/Loss/reason.mp3",
                    "Using her free obsidian clad hand she pulls out a plentiful handful of differently packaged suckers, similar to the once she's currently teasing you with, an evil grin on her face as she shows them off.",
                    "Speaks",
                    "But I think I'll be sating my sweet tooth the rest of the day.♥ Have {i}fun,{/i} [ThePlayerName].",
                    "ChangeImageLayer", "Expression", "1", "Smug", "ChangeArousalByPercent", "10",
                    "She pockets the candies again and turns away, strutting her way out of the basement with a cheerful hum, her tongue skillfully dancing around the hapless candy, each lick and suck of her lips echoing onto your rigid cock, forcing a blissful moan out of you as you lay back on the bed.",
                    "DisplayCharacters",
                    "EndLoop",
                    "ChangeArousalByPercent", "20",
                    "Distantly you hear her heels click their way up the stairs, and whimper as her long tongue bobs the candy to and fro, the feeling of her lips sliding along your length making your hips jerk into the air before she pops it out of her mouth, and gives your tip a few wet kisses that leave your thoughts drifting off in a haze of bliss.",
                    "ChangeArousalByPercent", "20",
                    "Realizing you're spacing out you look down at your length throbbing and twitching in delight from the magical stimulation, unconsciously a little surprised to not see a mouth actually teasing you, before throwing back your head again with a moan as your cock head is pressed back between her lips and she rolls her tongue in lazy circles.",
                    "ChangeArousalByPercent", "20",
                    "Venefica is long gone from the basement yet the feeling of her mouth teasing your cock remains, and you sigh happily as you settle into the bed, deciding to enjoy her 'punishment' with a smile, reveling in the feeling of her skilled tongue teasing you as she goes about her business, all your cares and worries draining away as you let go.",
                    "ChangeArousalByPercent", "20",
                    "She barely needs to put any effort into teasing the candy and you, lapping at the candy and sucking it almost second nature to her, and your mind slowly starts to spin as the candy slowly melts away from her warm tongue and saliva, an equally melty feeling building in your waist, your balls eagerly tensing as the stimulation amplifies.",
                    "ChangeArousalByPercent", "20",
                    "Each lick and suck wears away at you, your cock eagerly spasming as you draw closer to the edge, her lips bobbing up and down your shaft, her tongue striking your tip, until your entire body is tensing in ecstasy, the last bit of candy vanishing with a long, drawn out lick that sends a cascade of euphoria exploding through the tip of your cock down to the base.",
                    "ChangeArousalByPercent", "50",
                    "You let out a cry of surprise as your hips thrust up and your cock wildly spasms, but despite the hot waves of pleasure overwhelming you, you never quite reach climax, the magic she placed on you still preventing release, keeping you locked in a shivering state of tortuous bliss, the feeling of her finishing the candy radiating through your waist for what feels like eternity.",
                    "ChangeArousalByPercent", "30",
                    "Then you shiver and gasp as she presses a new candy to her soft, tempting lips, before teasingly sliding it into her mouth, and starts sucking and licking all over again before you've fully recovered, making you writhe and twitch from the overstimulation. You think you can feel her smugly grinning around the candy.",
                    "ChangeArousalByPercent", "30",
                    "Instinctively you try to reach down to desperately push away the stimulation, but there's nothing there to touch leaving you whimpering and squirming as you're kept on the brink of climax, her mouth bobbing up and down your cock with no way to stop her, and your dick excitedly throbs at the prospect of this being the rest of your day.",
                    "ChangeArousalByPercent", "30",
                    "You heavily breathe and gasp as you try to endure the maddening pleasure of her tongue and lips teasing you remotely, her long tongue looping around slowly as she idly sucks on you, and your entire body shudders as shocks of pleasure run through you and your cock drools copious amounts of precum.",
                    "ChangeArousalByPercent", "30",
                    "Desperately you stroke your cock to try and lessen the strain, maybe even cum, but it only makes it worse as the stimulation overlaps, and once your hand starts stroking you're having a hard time stopping it, laying back with a pleasure drunk smile as Venefica slowly wears you down just like the candy, and you begin to melt along with it.",
                    "ChangeArousalByPercent", "50",
                    "With a long drawn out suck she finishes off that lollipop, leaving your brain going blank and your entire body tensing and jerking in near climax, but there's still no release, and you're starting to love it. Before long another sucker takes the place of the last and you twitch with a smile, knowing you can't escape it, her sucking wet mouth already wearing you down all over again.",
                    "ChangeArousalByPercent", "30",
                    "You can't stop yourself from needily stroking your cock again, in time with her teasing movements, in an effort to feel even better as your mind melts away bit by bit from the tides of intense pleasure, cuddling back into the bed with a pleasure drunk  grin.",
                    "ChangeArousalByPercent", "30",
                    "Your balls ache and twitch, and your cock spasms happily as you indulge more and more in this sweet bliss, a gooey warm feeling slowly filling up your core as Venefica's sucking mouth incessantly milks your erection, teasing you senseless, even when she pops your cockhead from out of her lips, only to shower you in kisses, the euphoria just never seems to stop.",
                    "ChangeArousalByPercent", "30",
                    "Then as you stroke your cock something clicks in your brain, and you drunkenly reach for the sex toy on the wall, and pull the sex sleeve towards your cock with one hand, letting the other free your shaft as you start to mindlessly pump it with the self lubricating hole with a blissed out moan as its squeezing interior overlays with Venefica's endlessly teasing mouth.",
                    "ChangeArousalByPercent", "50",
                    "The third candy is rapidly worn down by her tongue and hot mouth, while you eagerly help her to melt down your now pleasure stained brain, pumping your cock with the sex toy while she hungrily suck your drooling tip, a blissful grin stuck on your face as the candy starts to vanish and your entire body is rocked by another pleasurable wave of near climax, your hand still frantically pumping.",
                    "ChangeArousalByPercent", "50",
                    "Your brain is left empty as the pleasure sears through you, a tongue lolling smile on your face as she starts on the fourth candy with no break, your resistance already worn away and getting sucked up with each passing moment as she continues to tease you with more endless pleasure, the high of ecstasy continuing as she goes through lollipop after lollipop...",
                    "...",
                    "ChangeFetish", "Oral", "25",
                    "ChangeSensitivity", "Magic", "10",
                    "ChangeSensitivity", "Sex", "10",
                    "ChangeFetish", "Edging", "5",
                    "Distantly you wake up who knows when, and you think you see Venefica checking up on you with a smile through the bars as your vision swims and you lay there with a sloppy pleasure drunk expression, twitching occasionally before you drift off again...",
                    "JumpToScene", "PostCaptureLewds"
                ]
},
{
  "NameOfScene": "She forces you to hump her leg like a dog.",
  "theScene": [   "ChangeImageLayer", "Expression", "1", "Devious",
                  "Speaks",
                  "Oh! Maybe you just need some... {i}Obedience{/i} training.",
                  "ChangeImageLayer", "Expression", "1", "Smug",
                  "You give her a mild look of concern and she gives you a kinder smile than the vicious grin she had on.",
                  "Speaks",
                  "Don't worry, you're going to love it.",
                  "She places a clawed hand on your head gently patting you and scritching you soothingly while keeping her gaze locked on you.",
                  "ChangeImageLayer", "Expression", "1", "Curious",
                  "Speaks",
                  "Be a good boy.",
                  "There's a slight pause as you stare at her a little blankly, a little lost on what exactly she wants you to do, or if this {i}is{/i} all she wants? The look on her face isn't helping either. Though her hand does feel rather nice as it skillfully caresses you.",
                  "ChangeImageLayer", "Expression", "1", "Stern",
                  "Speaks",
                  "I said, {i}be a good boy.{/i}",
                  "ChangeArousalByPercent", "100",
                  "ChangeBGM", "music/Loss/reason.mp3",
                  "To punctuate her statement she sends a potent wave of magic from her palm into your head, sending such an overwhelming wash of blissful tingles through you that your legs give out from under you as your cock throbs and you moan in shock. The only thing there to catch you is Venefica who's waist you end up latched onto, and you gasp as her leg firmly presses against your twitching cock.",
                  "ChangeImageLayer", "Expression", "1", "Devious",
                  "ChangeArousalByPercent", "20",
                  "You nervously look up at her as she continues to caress your head with a clawed hand, while you shiver from the pleasure still radiating through you while you cling to her hips. Venefica presses her one long leg up just a bit more to rub against your excited erection.",
                  "Speaks",
                  "There you go. Now be a good horny pet, hump my leg.",
                  "ChangeArousalByPercent", "50",
                  "She sends another pleasurable wave of magic through your body, directly through your brain, making you whimper meekly as you find your waist thrusting against her supple, boot clad leg, your cock twitching excitedly as she pats you and you nuzzle against her waist, a warm, heavy feeling tingling through you as you do as she says.",
                  "ChangeImageLayer", "Expression", "1", "Curious",
                  "Speaks",
                  "{i}Good boy.♥{/i}",
                  "ChangeArousalByPercent", "20",
                  "You gasp and press yourself against her a bit more as another tingly wave of ecstasy floods you from her soothingly patting hand, and you find yourself humping her leg with a little more effort as a blissful smile spreads over your face and your dick throbs happily as it rubs against her.",
                  "ChangeImageLayer", "Expression", "1", "Smug",
                  "Speaks",
                  "Hehehe. That's it. Let your dick do all the thinking.♥",
                  "ChangeArousalByPercent", "20",
                  "Nuzzling against her hips you whimper with joy as she pets you, your thoughts drifting away one by one as you let that gooey, heavy feeling of submission take over, her coddling hand reaffirming you it's okay to give in, and your erection starts to spasm with need against her long leg.",
                  "ChangeImageLayer", "Expression", "1", "Devious",
                  "ChangeArousalByPercent", "20",
                  "Then you groan and pant needily as you thrust your hips and climax evades you, each hump against her leg only keeping you on the mind-blanking edge, even as her hand pours another wave of bliss inducing magic into you, causing you to howl incoherently with pleasure as you tightly press against her, your dick flailing and twitching as it tries to spurt.",
                  "Speaks",
                  "You're still not getting to cum. Not only are you still not allowed to, it also helps with your 'training'.",
                  "ChangeArousalByPercent", "20",
                  "Even without her hand pouring magic into you, her claws' gentle caress is starting to feel {i}so{/i} good as she pets you, a sloppy tongue lolling smile taking your face as you helplessly thrust against her leg and let that submission in you pulse happily alongside the edged out bliss pooling in you.",
                  "ChangeImageLayer", "Expression", "1", "Curious",
                  "Speaks",
                  "{i}But,♥{/i} I think you can enjoy this a bit more.♥",
                  "ChangeArousalByPercent", "20",
                  "Dazed and incoherently horny you're easily led by her to stand up a bit more, and then let her soft, powerful thigh press against your groin as she raises it slightly into the air, burying your face in her overflowing cleavage with a blissed out whimper as you mindlessly swing your hips in search of more pleasure, Venefica's hand still stroking your head all the while.",
                  "ChangeImageLayer", "Expression", "1", "LipLick",
                  "Speaks",
                  "You're going to be such a good boy now aren't you, pet?♥",
                  "ChangeArousalByPercent", "20",
                  "You nod and nuzzle her bountiful tits while frantically humping her powerful leg, the smooth skin making your brain blank out as your cock gives in completely, and her cleavage and hand cradle you into intoxicating submission, your edged senseless stupor only getting worse by the moment as your swing your hips excitedly for her.",
                  "ChangeImageLayer", "Expression", "1", "Smug",
                  "Speaks",
                  "Good. Now just keep thrusting.♥ Just {i}like{/i} that. Let all your thoughts turn lewd, like 'Ah,♥ I love Venefica's legs!♥', or 'Mistress's boobs are breaking my mind!♥', or even 'I wanna cum!♥ I wanna cum!♥ {i}Please{/i} Venefica I'll be good,♥ let me cum!♥' Hehehe.♥",
                  "ChangeArousalByPercent", "50",
                  "Venefica's teasing, and mildly mocking voice pours into you like sweet syrupy bliss, and you gasp happily, your thoughts obediently turning to perverted mush as her petting hand sends another tingly wave of pleasure through you to push the message home, and you bury your face into her cleavage happily, your mind turning white as you thoughtlessly thrust your hips.",
                  "ChangeArousalByPercent", "50",
                  "Your dick throbs and spasms as it leaks precum on her leg as you hump it, her intoxicatingly soft thigh leaves your hips feel like they're melting while you grin drunkenly cradled between her breasts, her stroking hand easing you through a shivering dry orgasm from the magic preventing proper climax.",
                  "ChangeImageLayer", "Expression", "1", "Devious",
                  "Speaks",
                  "There you go.♥ Happy, horny, needy, wanting to cum, obeying your want for pleasure.♥ Humping my leg without a care in the world.♥ Adorable.♥",
                  "ChangeArousalByPercent", "50",
                  "You whimper happily from her praise and keep thrusting against her, rubbing your face against her pillowy soft cleavage, melting your own mind away with each passing moment as the pleasure mounts and her coddling hand pours more and more mind-blanking bliss directly into you, without even using magic, heavy, gooey submission pulsing deep inside you.",
                  "ChangeImageLayer", "Expression", "1", "Smug",
                  "Speaks",
                  "Hehe, alright, that's enough fun. Let get you back in your cell.",
                  "You whine as she gently detaches you from her body, but you obey, despite the throbbing in your hips as she leads you back to your cell, getting you to settle back on your bed with one last parting pat to your head before she heads back upstairs, leaving you dazed and needy for more...",
                  "DisplayCharacters",
                  "EndLoop",
                  "ChangeFetish", "Legs", "25",
                  "ChangeSensitivity", "Magic", "10",
                  "ChangeSensitivity", "Sex", "10",
                  "ChangeFetish", "Edging", "5",
                 "JumpToScene", "PostCaptureLewds"
              ]
},
{
  "NameOfScene": "She makes you drink her milk while she edges you with her hand.",
  "theScene": [
                "ChangeImageLayer", "Expression", "1", "Smug",
                "ChangeArousalByPercent", "5",
                "One of her clawed hands reaches down and gently trails a finger along the underside of your cock, making your manhood twitch in delight as she speaks with a smile.",
                "Speaks",
                "Hmmm, I think I have just the thing for a naughty pet like you.",
                "ChangeBGM", "music/Loss/reason.mp3",
                "ChangeImageLayer", "Expression", "1", "Devious",
                "Venefica then suddenly grabs your shoulder with her free hand and presses you against a nearby wall, an almost sinister grin on her face. With just enough force she sets you so your head is at level with her huge bust, and her other hand wraps around your aching member before giving it a few tempting strokes.",
                "Speaks",
                "And once we're done, you're going to be a good, horny, and {i}needy{/i} boy for me.♥",
                "ChangeImageLayer", "Base", "1", "Topless","ChangeImageLayer", "Lactation", "1", "ToplessMilk", "ChangeArousalByPercent", "5",
                "ChangeImageLayer", "Expression", "1", "LipLick",
                "She presses herself closer to your side, slipping her hand off your shoulder to pull down her top, freeing her bountiful tits right in front of your captivated eyes with a alluring bounce, small droplets of milk already leaking from her nipples and that arm wraps around the back of your neck.",
                "ChangeArousalByPercent", "10",   "ChangeImageLayer", "Expression", "1", "Smug",
                "You're only given a moment to think before she presses one of her teats against your hapless lips, smothering you with her pillowy, overflowing chest, and her delicious creamy milk starts to flow into your mouth. Making you softly moan as your tongue is hit by the wonderful taste, and you begin to thoughtlessly roll your tongue against her pert nipple in search of more.",
                "Speaks",
                "Drink up.♥ Let my milk, and your aching desire fill up every thought in your naughty head.♥",
                "ChangeArousalByPercent", "20",
                "You futilely squirm against her for a moment as her one arm keeps you locked against her voluptuous tits, her seductive body pressing you against the wall while her other hand slowly pumps your twitching erection, occasionally breaking up the pace by methodically teasing you with just her fingers dancing along your length, all while you drink down her sweet milk, slowly filling your brain with a milky haze.",
                "ChangeArousalByPercent", "20",
                "Before you can even really register it happening you stop squirming and start to eagerly suckle on her teat, gulping down mouthfuls of her warm milk, licking at her nipple in search of more, and your cock throbbing happily in Venefica's hand as she strokes you into empty headed submission.",
                "ChangeImageLayer", "Expression", "1", "SmileLoving",
                "Speaks",
                "Oh? Calming down already pet? Hmhm, maybe you were just thirsty?♥",
                "ChangeArousalByPercent", "20",
                "The only thing you can manage is a blissful whimper in response, your mind filling up with her sugary cream, leaving you thoughtlessly drinking more as it flows into your mouth while you suck and lick her teat, your eyes hazing over with submissive lust. Her hand all the while bringing your needy dick closer and closer to the brink of climax as it strokes and teases your spasming erection.",
                "ChangeImageLayer", "Expression", "1", "Smile",
                "Speaks",
                "Drink as much as you want [ThePlayerName]. Just be a good boy for me. Let your mind melt away into needy desire.",
                "ChangeArousalByPercent", "20",
                "In response you bury your face deeper into her overflowing breast as the last bit of hesitation in your mind snaps from her teasing words and the constant flow of creamy milk, leaving you eagerly suckling her nipple with happy gurgles. Venefica lets out a contented sigh and slides the arm she has around the back of your neck back to rest her clawed hand on the back of your head, gently caressing you.",
                "ChangeImageLayer", "Expression", "1", "Smug",
                "Speaks",
                "Hmhm, all your naughty thoughts are leaking out of your throbbing dick. Until all you can think about is the warm pleasure soaking into you, and my sweet milk.",
                "ChangeArousalByPercent", "20",
                "She starts pumping your spasming erection faster with a firmer grip, and your eyes roll up a little as you moan in ecstasy, her stroking hand driving you to a brink you just cant cross due to her magic, making you leak a constant stream of precum, while your hips jerk in delight and your cock throbs with heat.",
                "ChangeArousalByPercent", "20",
                "ChangeImageLayer", "Expression", "1", "SmileLoving",
                "Speaks",
                "That's it.♥ You're being molded into a good boy.♥ Letting your head flutter with thoughts like: {i}'Ah!♥ Venefica!♥ Please more!♥'{/i}, or, {i}'Her milk!♥ I love her milk!♥'{/i} hehe, or {i}'I'm a good boy!♥ I'm Venefica's good boy!♥'{/i} or even {i}'I want to cum!♥ Please let me cum!♥'{/i}",
                "ChangeArousalByPercent", "20",
                "Venefica lets out a small laugh as you shiver and twitch in bliss while she nurses you into a happy puddle, her teasing words melting through your empty head like warm molasses, her methodically stroking hand breaking you down bit by bit with every near orgasmic pump, leaving your entire body only held up by Venefica as you shiver and twitch from constant jolting ecstasy.",
                "ChangeImageLayer", "Expression", "1", "Smile",
                "Speaks",
                "You're {i}such{/i} a good boy now...♥",
                "ChangeArousalByPercent", "20", "ChangeImageLayer", "Expression", "1", "Smug",
                "Her hand gives your manhood a few last twitch inducing strokes before it slips away, giving you only a few last moments to drink down a bit more milk, before Venefica pulls a step away from you, popping her nipple free from you mouth while using her obsidian clad hands to hold you up against the wall, letting her look down at you pleasure drunk smile with a smug, satisfied grin.",
                "ChangeImageLayer", "Base", "1", "Base", "ChangeImageLayer", "Lactation", "1", "",
                "Wordless she fixes her top, while you stare up at her with a dazed smile, your dick still excitedly twitching with need as warm gooey pleasure tingles across your entire body, the creamy milk haze in your head leaving you blissed out, wanting just a little more, despite your fluttering eyes.",
                "She lets out an amused chuckle and pulls you in close again, burying your face between her deep, pillowy cleavage, and you murmur happily as you nuzzle into it. One of her clawed hands stroking the back of your head as you drift off while standing, your arms sleepily wrapping around her as her body helps keep you up even as you start to slump into her.",
                "ChangeImageLayer", "Expression", "1", "Curious",
                "Distantly as you fall asleep like this you feel her gently pick you up and carry you off, while your dreams and thoughts are left stained with Venefica's milk and warm, cloying pleasure...",
                "DisplayCharacters",
                "EndLoop",
                "StopBGM",
                "ChangeFetish", "Breasts", "25",
                "ChangeSensitivity",  "Sex", "10",
                "ChangeFetish", "Edging", "5",
                "JumpToScene", "PostCaptureLewds"
              ]
}
  ]
}