{
    "name": "Visit Sirje",
    "CardType": "Event",
    "CardLimit": "0",
    "Description": "",
    "requires": [ ""],
    "requiresEvent": [
      {
      "NameOfEvent": "Lonely Hum",
      "Progress": "-99",
      "ChoiceNumber": "99",
      "Choice": "NotFirstTime"
      }
    ],
    "Speakers": [
        {
          "name": "Sirje",
          "postName": "",
          "SpeakerType": "Monster"
        }
      ],
    "EventText": [
        {
          "NameOfScene": "Intro",
          "theScene": [
                         "Following the soft sound of Sirje's hum, you delve into the caverns once more.",
                         "DisplayCharacters",
                         "1",
                         "EndLoop",
                         "Following the path is easy this time, and before long you find yourself in the harpy witch's cavernous home.",
                         "Speaks", "SwapLineIf", "Choice",
                          "1", "Sirje", "|f|ChangeImageLayer|/|Expression|/|1|/|Smile|n|It's good to see you back so soon, [ThePlayerName]. I hope you'll keep me company for a while.",
                          "1", "Mommy", "|f|ChangeImageLayer|/|Expression|/|1|/|Kiss|n|Welcome back sweetie~ I'm glad you're visiting Mommy again so soon~",
                         "EndLoop",
                         "JumpToScene", "TalkMenu"
            ]
        },
        {
          "NameOfScene": "TrueIntro",
          "theScene": [
                         "DisplayCharacters",
                         "1",
                         "EndLoop",
                         "JumpToScene", "TalkMenu"
                      ]
        },
        {
          "NameOfScene": "TalkMenu",
          "theScene": [
                         "Menu",
                          "Talk",
                          "Fight?",
                          "Leave",
                         "EndLoop"
                      ]
        },
        {
          "NameOfScene": "Talk",
          "theScene": [
                         "Menu",
                          "About her",
                          "About the cavern",
                          "About her magic",
                          "HideOptionOnRequirementFail", "RequiresChoice", "1", "Sirje", "Mommy?",
                          "HideOptionOnRequirementFail", "RequiresChoice", "1", "Mommy", "No more Mommy",
                          "FinalOption", "Back",
                         "EndLoop"
                      ]
        },
        {
          "NameOfScene": "Fight?",
          "theScene": [
                         "Speaks",
                         "SwapLineIf", "Choice",
                          "1", "Mommy", "|f|ChangeImageLayer|/|Expression|/|1|/|Surprise|n|Hmm~? You want to {i}fight{/i} Mommy~?",
                          "1", "Sirje", "|f|ChangeImageLayer|/|Expression|/|1|/|Smirk|n|Hmm? Do you want to feel like you're resisting me, or being overpowered? Or maybe you want to make me submit by force~?",
                         "EndLoop",
                         "Speaks",
                         "SwapLineIf", "Choice",
                          "1", "Mommy", "Well, alright~ Don't complain if Mommy wins though~ Or maybe that's what you want~?",
                          "1", "Sirje", "Either way, I'll happily give it a try~ Lets see who wins out~",
                         "EndLoop",
                         "Menu",
                          "Fight",
                          "back",
                         "EndLoop"
                      ]
        },
        {
          "NameOfScene": "Fight",
          "theScene": [
                         "CombatEncounter", "NoRunning",
                          "Sirje",
                          "Clone",
                          "Clone",
                         "StartCombat",
                         "DisplayCharacters",
                          "1",
                         "EndLoop",
                         "|f|ChangeImageLayer|/|Expression|/|1|/|Smile|n|'oopsie woopsie, the post-combat scenes aren't done yet. They should be in the next update. In the meantime, if you have any suggestions for lewd scenes, @ me in the MGD discord's 'mod spoilers and discussion' channel' - FluffyArsonist",
                         "JumpToScene", "TalkMenu"
                      ]
        },
        {
          "NameOfScene": "PostCombat",
          "theScene": [
                         "DisplayCharacters",
                          "1",
                         "EndLoop",
                         "|f|ChangeImageLayer|/|Expression|/|1|/|Smile|n|'oopsie woopsie, the post-combat scenes aren't done yet. They should be in the next update. In the meantime, if you have any suggestions for lewd scenes, @ me in the MGD discord's 'mod spoilers and discussion' channel' - FluffyArsonist",
                         "JumpToScene", "TalkMenu"
                      ]
        },
        {
          "NameOfScene": "Blank",
          "theScene": [
                         "Speaks",
                         "SwapLineIf", "Choice",
                          "1", "Mommy", "",
                          "1", "Sirje", "",
                         "EndLoop"
                      ]
        },
        {
          "NameOfScene": "About her",
          "theScene": [
                         "SwapLineIf", "Choice",
                          "1", "Sirje", "|f|ChangeImageLayer|/|Expression|/|1|/|Surprise|n|What {i}about{/i} me?",
                          "1", "Mommy", "|f|ChangeImageLayer|/|Expression|/|1|/|Smile|n|You'd like to know more about Mommy~?",
                         "EndLoop",
                         "JumpToScene", "AboutMenu"
                      ]
        },
        {
          "NameOfScene": "AboutMenu",
          "theScene": [
                         "Menu",
                          "Why do you live down here?",
                          "Don't harpies need company to survive?",
                          "HideOptionOnRequirementFail", "RequiresChoice", "7", "LiveHere", "Why not leave?",
                          "Back",
                         "EndLoop"
                      ]
        },
        {
          "NameOfScene": "Why do you live down here?",
          "theScene": [
                         "Speaks",
                         "SwapLineIf", "Choice",
                          "1", "Mommy", "|f|ChangeImageLayer|/|Expression|/|1|/|Surprise|n|Well, Mommy didn't have much of a choice~|n||f|ChangeImageLayer|/|Expression|/|1|/|Smile|n|A long time ago, Mommy was sent to deliver this staff to someone. But Mommy got lost in the caves, and then there was a cave in, and Mommy was trapped~",
                          "1", "Sirje", "|f|ChangeImageLayer|/|Expression|/|1|/|Smile|n|Because I was trapped here. To cut a long story short, I was sent to deliver this staff, but got lost along the way, and then the exit caved in. Who knows how long it's been now~",
                         "EndLoop",
                         "SetChoice", "7", "LiveHere",
                         "JumpToScene", "AboutMenu"
                      ]
        },
        {
          "NameOfScene": "Why not leave?",
          "theScene": [
                         "Speaks",
                         "SwapLineIf", "Choice",
                          "1", "Mommy", "|f|ChangeImageLayer|/|Expression|/|1|/|Smile|n|Well, by the time Mommy had the {i}ability{/i} to leave, there wasn't really a point~ Mommy has everything she needs here~",
                          "1", "Sirje", "|f|ChangeImageLayer|/|Expression|/|1|/|Smile|n|I already have everything I need here. Why would I leave?",
                         "EndLoop",
                         "JumpToScene", "AboutMenu"
                      ]
        },
        {
          "NameOfScene": "Don't harpies need company to survive?",
          "theScene": [
                         "Speaks",
                         "SwapLineIf", "Choice",
                          "1", "Mommy", "|f|ChangeImageLayer|/|Expression|/|1|/|Kiss|n|Yep~ But Mommy realized she could just make her own company with magic~ So she's not lonely anymore~",
                          "1", "Sirje", "|f|ChangeImageLayer|/|Expression|/|1|/|Smile|n|Indeed, it was troubling at first. But once I started to learn magic, I figured out how to clone myself. It isn't perfect, but it's... Enough.",
                         "EndLoop",
                         "JumpToScene", "AboutMenu"
                      ]
        },
        {
          "NameOfScene": "Blank",
          "theScene": [
                         "Speaks",
                         "SwapLineIf", "Choice",
                          "1", "Mommy", "",
                          "1", "Sirje", "",
                         "EndLoop"
                      ]
        },
        {
          "NameOfScene": "Blank",
          "theScene": [
                         ""
                      ]
        },
        {
          "NameOfScene": "About her magic",
          "theScene": [
                         "Speaks",
                         "SwapLineIf", "Choice",
                          "1", "Mommy", "|f|ChangeImageLayer|/|Expression|/|1|/|Kiss|n|Mommy is quite proud of her magic. She's had quite a long time to learn, since she's been trapped in this cave with nothing else to do~ Wind manipulation, cloning, dream invasion~ Even a little mind control~ Mommy would be happy to demonstrate if you'd like, she hasn't had anyone else to practice on yet~",
                          "1", "Sirje", "|f|ChangeImageLayer|/|Expression|/|1|/|Smile|n|I've had quite a while to learn, what with being stuck in the cave with not much else to keep me busy. I'm best at wind manipulation, as I'm sure you can tell. Flying by the power of your own wings can be tiring even for a harpy. I also dabble with a little dream manipulation, cloning, and some minor suggestion magic. Though for the most part, I've only been able to practice on myself~",
                         "EndLoop",
                         "Speaks",
                         "SwapLineIf", "Choice",
                          "1", "Mommy", "|f|ChangeImageLayer|/|Expression|/|1|/|Neutral|n|All of the spells come from Mommy's staff~ A shame it never got delivered to whoever was meant to own it...",
                          "1", "Sirje", "|f|ChangeImageLayer|/|Expression|/|1|/|Neutral|n|All of my magic is owed to this staff. It might have gotten me trapped down here, but it also granted me some very potent magic...",
                         "EndLoop",
                         "The staff on her back swings around in front of her, held aloft by phantom wind. Its haft is stone, rather than wood, and it ends in a harpy's talon clutching an odd rainbow coloured sphere.",
                         "As you watch, Sirje's voice fades into the background. The more you watch the sphere, the more the colours swirl, eventually taking the form-",
                         "Speaks",
                          "|f|ChangeImageLayer|/|Expression|/|1|/|Smile|n|... Seems to resonate with voice, the more forceful your words, the more the staff amplifies them. That's probably what caused the cave in.",
                         "The forms fade away in a moment as the trance breaks, leaving you confused in the middle of Sirje explaining... {i}Something.{/i}",
                         "JumpToScene", "Talk"
                      ]
        },
        {
          "NameOfScene": "About the cavern",
          "theScene": [
                         "She looks around the cavern, her eyes taking in its bioluminescent glow.",
                         "Speaks",
                          "|f|ChangeImageLayer|/|Expression|/|1|/|Smile|n|It may not be the most grand place to live, but it's not so bad once you get used to it.",
                         "Speaks",
                          "|f|ChangeImageLayer|/|Expression|/|1|/|Neutral|n|There's not much to say. The fungi can be quite pretty. Almost like twinkling stars... At least, from what I can remember...",
                         "JumpToScene", "Talk"
                      ]
        },
        {
          "NameOfScene": "Blank",
          "theScene": [
                         ""
                      ]
        },
        {
          "NameOfScene": "Blank",
          "theScene": [
                         ""
                      ]
        },
        {
          "NameOfScene": "Mommy?",
          "theScene": [
                         
                         "Speaks",
                          "|f|ChangeImageLayer|/|Expression|/|1|/|Surprise|n|Hmm~?",
                         "Speaks",
                          "|f|ChangeImageLayer|/|Expression|/|1|/|Smirk|n|Hmmmm~?",
                         "Speaks",
                          "Do you want to call me Mommy~? I don't mind~",
                         "Menu",
                          "Yes...",
                          "Never mind...",
                         "EndLoop",
                         "FINISH AND PUT THIS AT THE TOP",
                         "IfChoice", "3", "NoMoreMommy", "MommyTease"
                      ]
        },
        {
          "NameOfScene": "Yes...",
          "theScene": [
                         "SetChoice", "1", "Mommy",
                         "GetEventAndSetChoice", "Visit Sirje", "1", "Mommy",
                         "Speaks",
                          "|f|ChangeImageLayer|/|Expression|/|1|/|Kiss|n|Alright~",
                         "JumpToScene", "Talk"
                      ]
        },
        {
          "NameOfScene": "Never mind...",
          "theScene": [
                         "Speaks",
                          "|f|ChangeImageLayer|/|Expression|/|1|/|Smile|n|Suit yourself~",
                         "JumpToScene", "Talk"
                      ]
        },
        {
          "NameOfScene": "MommyTease",
          "theScene": [
                         "Speaks", 
                          "|f|ChangeImageLayer|/|Expression|/|1|/|Smirk|n|Hmm~? Did you change your mind~? You want to call me Mommy again~?",
                         "Speaks",
                          "Well, if you're going to be so indecisive, I think you'll have to convince me~",
                         "She reclines back, magical wind supporting her. The playful smirk on her face makes it clear 'convincing' her will be sexual in nature.",
                         "Menu",
                          "'Convince' her",
                          "Never mind...",
                         "EndLoop"
                      ]
        },
        {
          "NameOfScene": "No more Mommy",
          "theScene": [
                         "Speaks",
                          "|f|ChangeImageLayer|/|Expression|/|1|/|Neutral|n|Hmm~ If it makes you happy, very well.",
                         "SetChoice", "1", "Sirje",
                         "SetChoice", "4", "",
                         "IfChoice", "5", "FreeChoice", "Talk",
                         "SetChoice", "3", "NoMoreMommy",
                         "JumpToScene", "Talk"
                      ]
        },
        {
          "NameOfScene": "Back",
          "theScene": [
                         "JumpToScene", "TalkMenu"
                      ]
        },
        {
          "NameOfScene": "Leave",
          "theScene": [
                         "Speaks",
                         "SwapLineIf", "Choice",
                          "1", "Mommy", "|f|ChangeImageLayer|/|Expression|/|1|/|Smile|n|Visit Mommy again soon~",
                          "1", "Sirje", "|f|ChangeImageLayer|/|Expression|/|1|/|Smile|n|Come back soon~",
                         "EndLoop"
                      ]
        },
        {
          "NameOfScene": "SEX SCENES",
          "theScene": [
                         ""
                      ]
        },
        {
          "NameOfScene": "'Convince' her",
          "theScene": [
                         "Before you can voice your assent, Sirje cuts in-",
                         "Speaks",
                          "|f|ChangeImageLayer|/|Expression|/|1|/|Neutral|n|Before you say yes, I want to be clear. For this, I'll need your complete compliance. I won't do anything to hurt you, not even a little, nor will I leave any permanent magical effects, but I will need utter control.",
                         "Speaks",
                          "I'll just lay a little magical enchantment on you, which will reduce your inhibitions and make you relax for a little while. I guarantee it'll wear off within the hour~",
                         "Speaks",
                          "|f|ChangeImageLayer|/|Expression|/|1|/|Kiss|n|And during that time, I'll make you feel {i}amazing~{/i}",
                         "Speaks",
                          "|f|ChangeImageLayer|/|Expression|/|1|/|Smile|n|If you aren't willing to let me take control like that, now is the time to back out.",
                         "Menu",
                          "Give up control",
                          "Never mind...",
                         "EndLoop"

                      ]
        },
        {
          "NameOfScene": "Give up control",
          "theScene": [
                         "The moment your assent is clear, a gust of wind wraps around you, pulling you towards Sirje.",
                         "|f|ChangeImageLayer|/|Robe|/|1|/|None|n|In the blink of an eye the coiling magical wind, more dextrous than any human hand, has stripped the clothes off your body and placed them in a neat pile, alongside Sirje's own robe.",
                         "|f|ChangeImageLayer|/|Expression|/|1|/|Smile|n|The wind grows stronger, pushing you forward into Sirje's embrace, her dark feathered wings wrapping around you as your face comes to rest between her sizeable breasts.",
                         "Speaks",
                          "|f|ChangeImageLayer|/|Expression|/|1|/|Neutral|n|Remember, no fighting back, or the spell won't take hold. Other girls might try and brute force it, but Mommy wants you to {i}want{/i} this~",
                         "Speaks",
                          "|f|ChangeImageLayer|/|Expression|/|1|/|Smile|n|Ready~?",
                         "SetChoice", "1", "Mommy",
                         "SetChoice", "4", "GiveControl",
                         "SetChoice", "3", "",
                         "SetChoice", "5", "FreeChoice",
                         "Menu",
                          "Ready...",
                          "Wait...",
                         "EndLoop"

                      ]
        },
        {
          "NameOfScene": "Ready...",
          "theScene": [
                         ""
                      ]
        },
        {
          "NameOfScene": "Wait...",
          "theScene": [
                         "The harpy's wings wrap tighter around you at your hesitation, like a warm blanket.",
                         "Speaks",
                          "|f|ChangeImageLayer|/|Expression|/|1|/|Kiss|n|Of course, Mommy will wait as long as you need~",
                         "Speaks",
                          "|f|ChangeImageLayer|/|Expression|/|1|/|Smile|n|Or you can change your mind and back out~ Mommy won't be mad~",
                         "Menu",
                          "Ready...",
                          "Back out",
                         "EndLoop"
                      ]
        },
        {
          "NameOfScene": "Back out",
          "theScene": [
                         "Her wings relax, relinquishing her grip on you and allowing you to stand.",
                         "Speaks",
                          "It's okay, you can always try again later. Mommy doesn't mind~",
                         "|f|ChangeImageLayer|/|Robe|/|1|/|Robe|n|The wind picks up again, and before you can even respond your clothes are back on, as are Sirje's robes.",
                         "Speaks",
                          "And since you tried, you can call me Mommy whenever you like~",
                         "JumpToScene", "Talk"
                      ]
        },
        {
          "NameOfScene": "TESTING STUFF",
          "theScene": [
                         ""
                      ]
        },
        {
          "NameOfScene": "Blank",
          "theScene": [
                         ""
                      ]
        },
        {
          "NameOfScene": "Wrong Name",
          "theScene": [ 
                         "If you're seeing this, you named something wrong."
                      ]
        }
    ]
}