{
    "name": "Visit Perephania",
    "CardType": "",
    "CardLimit": "0",
    "Description": "",
    "requires": [ "Perephania's Directions"],
    "Speakers": [
        {
          "name": "Perephania",
          "postName": "",
          "SpeakerType": "Monster"
        }
      ],
    "EventText": [
        {
          "NameOfScene": "Intro",
          "theScene": [
                         "IfChoice", "2", "HasDoneIntro", "HasDoneIntroScene",
                         "It takes quite a long time, but when at last you reach the address on the note, you find yourself at the entrance of a large building, not quite as tall as the skyscrapers surrounding it, but impressive none the less.",
                         "Its front is painted white, with ornate embellishment and trim. The glass doors at the front entrance are etched with intricate designs of leaves and vines.",
                         "Entering the building you're confronted with a large open hall with a marble floor, and chandeliers hung from the ceiling. Strangely, there doesn't appear to be any staff. Above a door to the side of the room is a sign labeled 'Visitors'.",
                         "Assuming this is the right path, you step through the door to find a small pedestal with a set of numbered buttons on the front. You push in the numbers you were given, and your stomach suddenly lurches. A moment later, you hear a soft 'ding'.",
                         "Confused, you walk back out of the door and are shocked to find you're in an entirely different room. The floor is a plush red carpet, and fine furniture - including a large puffy looking bed - fills the room. On one of the large chairs in the middle sits Perephania, who smiles as when she sees you.",
                         "DisplayCharacters",
                          "1",
                         "EndLoop",
                         "Speaks",
                         "|f|ChangeImageLayer|/|Expressions|/|1|/|BigSmile|n|Ah, [ThePlayerName], It's good to see you've accepted my invitation. Please, do come sit with me.",
                         "She gestures to a chair opposite her, and you do as she asks, taking a seat opposite.",
                         "Speaks",
                         "|f|ChangeImageLayer|/|Expressions|/|1|/|Smile|n|I'll be staying in the capital for the foreseeable future, so please do visit often. It will be nice to have company for once.",
                         "SetChoice", "2", "HasDoneIntro",
                         "JumpToScene", "TalkMenu"
                      ]
        },
        {
          "NameOfScene": "HasDoneIntroScene",
          "theScene": [
                         "Knowing your destination, it doesn't take you long to return to the hotel where Perephania is staying, the jellyfish girl looking up as you enter.",
                         "DisplayCharacters",
                          "1",
                         "EndLoop",
                         "Speaks",
                         "|f|ChangeImageLayer|/|Expressions|/|1|/|BigSmile|n|[ThePlayerName], it's good to see you again. Come, sit with me.",
                         "IfChoice", "99", "Proven", "SitBeside" ,
                         "IfChoice", "99", "", "SitOpposite"
                      ]
        },
        {
          "NameOfScene": "SitOpposite",
          "theScene": [
                         "|f|ChangeImageLayer|/|Expressions|/|1|/|Smile|n|She beckons to the chair opposite, smiling as you take your seat.",
                         "JumpToScene", "TalkMenu"
                      ]
        },
        {
          "NameOfScene": "SitBeside",
          "theScene": [
                         "",
                         "|f|ChangeImageLayer|/|Expressions|/|1|/|Smile|n|She beckons you to sit beside her, smiling warmly as you take your seat, before leaning against you.",
                         "JumpToScene", "TalkMenu"
                      ]
        },
        {
          "NameOfScene": "Talk Menu Scenes",
          "theScene": [
                         "************************************************************************************"
                      ]
        },
        {
          "NameOfScene": "TalkMenu",
          "theScene": [
                        "DisplayCharacters",
                         "1",
                        "EndLoop",
                         "Menu",
                          "You don't get company often?",
                          "What are you doing in the capital?",
                          "How can you afford to stay in a place like this?",
                          "HideOptionOnRequirementFail", "RequiresChoice", "2", "NotAlwaysMonster", "You weren't always a monster?",
                          "HideOptionOnRequirementFail", "RequiresChoice", "10", "HasWon", "Sex",
                          "HideOptionOnRequirementFail", "RequiresChoice", "1", "InviteFight", "Challenge",
                          "Leave",
                         "EndLoop"
                      ]
        },
        {
          "NameOfScene": "You don't get company often?",
          "theScene": [
                         "Speaks",
                         "|f|ChangeImageLayer|/|Expressions|/|1|/|Neutral|n|I'm sure it comes as little surprise. As you experienced yourself when we met, I can be... {i}Domineering{/i}, to put it lightly.",
                         "Speaks",
                         "|f|ChangeImageLayer|/|Expressions|/|1|/|Angry|n|I'm prideful at the best of times, it's true. But when I'm tired, I almost Stop seeing people as {i}people{/i}, and more as {i}objects{/i}.",
                         "Speaks",
                         "|f|ChangeImageLayer|/|Expressions|/|1|/|Smile|n|It makes it quite difficult to keep friends, as I'm sure you can imagine.",
                         "Even so, with looks like hers, surely men should be falling over to be around her?",
                         "Speaks",
                         "|f|ChangeImageLayer|/|Expressions|/|1|/|BigSmile|n|Perhaps, but I'm not about to let just {i}anyone{/i} into my bed, my standards are quite high.",
                         "Speaks",
                         "|f|ChangeImageLayer|/|Expressions|/|1|/|Aroused|n|Though I welcome you to test your chances, all you need to do is best me.",
                         "SetChoice", "1", "InviteFight",
                         "JumpToScene", "TalkMenu"
                      ]
        },
        {
          "NameOfScene": "What are you doing in the capital?",
          "theScene": [
                         "Speaks",
                         "|f|ChangeImageLayer|/|Expressions|/|1|/|Surprise|n|Hmm? Nothing in particular. Sightseeing, I suppose?",
                         "Speaks",
                         "|f|ChangeImageLayer|/|Expressions|/|1|/|Neutral|n|As I said when we met, I spend much of my time in travel, simply enjoying the sights.",
                         "She cocks her head.",
                         "Speaks",
                         "|f|ChangeImageLayer|/|Expressions|/|1|/|Smile|n|Though if I am being honest, I'm {i}remaining{/i} in the capital because of {i}you{/i}.",
                         "Speaks",
                         "|f|ChangeImageLayer|/|Expressions|/|1|/|BigSmile|n|Constant travel can get quite lonely.",
                         "JumpToScene", "TalkMenu"
                      ]
        },
        {
          "NameOfScene": "How can you afford to stay in a place like this?",
          "theScene": [
                         "Speaks",
                         "|f|ChangeImageLayer|/|Expressions|/|1|/|Smile|n|Before I turned into a monster, I was part of a family of {i}very{/i} successful merchants. Much of their wealth was passed on to me over the years.",
                         "Speaks",
                         "|f|ChangeImageLayer|/|Expressions|/|1|/|BigSmile|n|I'm {i}much{/i} older than I look.",
                         "SetChoice", "2", "NotAlwaysMonster",
                         "JumpToScene", "TalkMenu"
                      ]
        },
        {
          "NameOfScene": "You weren't always a monster?",
          "theScene": [
                         "Speaks",
                         "|f|ChangeImageLayer|/|Expressions|/|1|/|Neutral|n|I have been for much longer than not, but indeed, I was once human.",
                         "Speaks",
                         "|f|ChangeImageLayer|/|Expressions|/|1|/|Smile|n|I was a witch, to be precise, wielding water magic to tame the seas in search of ever greater achievements.",
                         "Speaks",
                         "|f|ChangeImageLayer|/|Expressions|/|1|/|Angry|n|But eventually my pride got the better of me. I consumed an object of great power, believing myself enough to control it, and was turned into my current form when I failed.",
                         "Speaks",
                         "|f|ChangeImageLayer|/|Expressions|/|1|/|Neutral|n|I can barely even use magic anymore. Just enough to conjure these 'clothes'.",
                         "|f|ChangeImageLayer|/|Clothes|/|1|/|None|n|She gestures, and her watery dress swirls away.",
                         "Speaks",
                         "|f|ChangeImageLayer|/|Expressions|/|1|/|Aroused|n|Fortunately, I quickly came to love this body. It is {i}much{/i} easier to look good when you don't need to wear makeup.",
                         "|f|ChangeImageLayer|/|Clothes|/|1|/|Clothes|n|She gestures again and the dress reforms with a swirl.",
                         "JumpToScene", "TalkMenu"
                      ]
        },
        {
          "NameOfScene": "Challenge",
          "theScene": [
                         "Speaks",
                          "|f|ChangeImageLayer|/|Expressions|/|1|/|BigSmile|n|Hmm, want to test your chances?",
                         "Speaks",
                          "|f|ChangeImageLayer|/|Expressions|/|1|/|LipLick|n|Very well, but be warned, if you lose there {i}will{/i} be 'punishment'.",
                         "Menu",
                         "Fight",
                         "Never Mind",
                         "EndLoop"
                      ]
        },
        {
          "NameOfScene": "Fight",
          "theScene": [ 
                         "|f|ChangeImageLayer|/|Expressions|/|1|/|Smile|n|She stands, walking over to an empty part of the room that you suspect is intended for just this occassion.",
                         "Speaks",
                         "|f|ChangeImageLayer|/|Expressions|/|1|/|BigSmile|n|Come then, but don't expect me to let you win~",
                         "CombatEncounter", "NoRunning",
                         "Perephania",
                         "StartCombat",
                         "JumpToScene", "Victory"
                      ]
        },
        {
          "NameOfScene": "Never Mind",
          "theScene": [ 
                         "JumpToScene", "TalkMenu"
                      ]
        },
        {
          "NameOfScene": "Leave",
          "theScene": [
                         "You stand to leave, and Perephania stands with you.",
                         "Speaks",
                         "|f|ChangeImageLayer|/|Expressions|/|1|/|Surprise|n|Leaving already, [ThePlayerName]?",
                         "Speaks",
                         "|f|ChangeImageLayer|/|Expressions|/|1|/|Smile|n|Do visit again soon, I enjoy the company."
                      ]
        },
        {
          "NameOfScene": "Blank",
          "theScene": [ 
                         ""
                      ]
        },
        {
          "NameOfScene": "Sex Scenes",
          "theScene": [
                         "************************************************************************************"
                      ]
        },
        {
          "NameOfScene": "Sex",
          "theScene": [ 
                         "Menu",
                          "Mating Press",
                          "HideOptionOnRequirementFail", "RequiresChoiceFromEvent", "PerephaniaPostCombat", "2", "HasLost", "'Punishment'",
                          "HideOptionOnRequirementFail", "RequiresChoice", "777", "InBed", "",
                          "Go back",
                         "EndLoop"
                      ]
        },
        {
          "NameOfScene": "Go back",
          "theScene": [ 
                         "IfChoice", "777", "InBed", "InBedGoBack",
                         "JumpToScene", "TalkMenu"
                      ]
        },
        {
          "NameOfScene": "InBedGoBack",
          "theScene": [ 
                         "|f|ChangeImageLayer|/|Expressions|/|1|/|Angry|n|You climb off the soft bed, and Perephania gives you a pout.",
                         "Speaks",
                          "|f|ChangeImageLayer|/|Expressions|/|1|/|Neutral|n|A shame, I'm still in the mood for more.",
                         "|f|ChangeImageLayer|/|Clothes|/|1|/|Clothes|n|She slides off the bed gracefully, her watery dress reforming as she follows you back to the sofa, where she sits beside you.",
                         "SetChoice", "777", "",
                         "JumpToScene", "TalkMenu"
                      ]
        },
        {
          "NameOfScene": "WakeUpPillowTalk",
          "theScene": [ 
                         "IfChoice", "66", "", "ExplainBed",
                         "|f|ChangeImageLayer|/|Expressions|/|1|/|Smile|n|After some time, you wake up to find yourself laying in Perephania's arms, with your face nestled between her exquisitely soft breasts.",
                         "Speaks",
                         "|f|ChangeImageLayer|/|Expressions|/|1|/|BigSmile|n|Sleep well? If you're up for it, I could certainly go for another round~?",
                         "SetChoice", "777", "InBed",
                         "JumpToScene", "Sex"
                      ]
        },
        {
          "NameOfScene": "ExplainBed",
          "theScene": [ 
                         "SetChoice", "66", "BlackOutFirstTime",
                         "|f|ChangeImageLayer|/|Blush|/|1|/|None|n||f|ChangeImageLayer|/|Expressions|/|1|/|Smile|n|After some time, you wake up to find yourself laying in an exquisitely soft bed, with your face nestled between Perephania's even more exquisitely soft breasts.",
                         "She looks down at you, smiling softly.",
                         "Speaks",
                         "My apologies, [ThePlayerName], I became lost in the moment and went overboard. I hadn't expected you to grow so exhausted.",
                         "|f|ChangeImageLayer|/|Expressions|/|1|/|Surprise|n|'I normally wake up in church when that happens...'",
                         "Speaks",
                         "|f|ChangeImageLayer|/|Expressions|/|1|/|BigSmile|n|Ah, I managed to feed you a restorative before you fully blacked out, so you merely fell asleep.",
                         "'A 'restorative'?'",
                         "Speaks",
                         "|f|ChangeImageLayer|/|Expressions|/|1|/|Neutral|n|Indeed, one made from my own venom. It takes a rather large amount of work, but one of variety of my venom can be refined such that it restores spirit.",
                         "Speaks",
                         "|f|ChangeImageLayer|/|Blush|/|1|/|Blush|n||f|ChangeImageLayer|/|Expressions|/|1|/|Smile|n|Perhaps you could help in its production some time, it is a rather {i}hands on{/i} process.",
                         "She runs a finger through your hair as she reclines into her pillow.",
                         "Speaks",
                         "If you're up for it, I could certainly go again~?",
                         "SetChoice", "777", "InBed",
                         "JumpToScene", "Sex"

                      ]
        },
        {
          "NameOfScene": "Victory",
          "theScene": [
                         "ClearPlayerStatusEffects",
                         "ClearStances",
                         "DisplayCharacters",
                          "1",
                         "EndLoop",
                         "ChangeImageLayer", "Sweat", "1", "Sweat", "ChangeImageLayer", "Blush", "1", "Blush", "ChangeImageLayer", "Expressions", "1", "Surprise", "ChangeImageLayer", "Clothes", "1", "None",
                         "JumpToScene", "PostCombatVictory"
                      ]
        },
        {
          "NameOfScene": "PostCombatVictory",
          "theScene": [ 
                         "|f|ChangeImageLayer|/|Sweat|/|1|/|Sweat|n||f|ChangeImageLayer|/|Blush|/|1|/|Blush|n||f|ChangeImageLayer|/|Expressions|/|1|/|Surprise|n||f|ChangeImageLayer|/|Clothes|/|1|/|None|n|She yelps, her clothes swirling away as you sweep her up into your arms, before carrying her over and dropping her onto the bed.",
                         "|f|ChangeImageLayer|/|Expressions|/|1|/|Neutral|n|She slides herself fully onto the bed before grasping her thighs, and with surprising ease she pulls her legs up to her sides, offering herself to you as you climb onto the bed in front of her.",
                         "Speaks",
                         "|f|ChangeImageLayer|/|Expressions|/|1|/|Aroused|n|Come claim your prize~♥",
                         "She purrs, as you line your head up with her pussy.",
                         "SetChoice", "10", "HasWon",
                         "JumpToScene", "MatingPressScene"
                      ]
        },
        {
          "NameOfScene": "Mating Press",
          "theScene": [ 
                         "IfChoice", "777", "InBed", "InBedMatingPress",
                         "Speaks",
                         "|f|ChangeImageLayer|/|Expressions|/|1|/|LipLick|n|Want to {i}stake your claim{/i} again~?",
                         "|f|ChangeImageLayer|/|Clothes|/|1|/|None|n|Perephania stands and takes you by the hand, pulling you over to the bed. Her clothes swirl away as she lays down, sliding herself up to the pillows and pulling her legs up to her sides.",
                         "Speaks",
                          "|f|ChangeImageLayer|/|Expressions|/|1|/|Aroused|n|Very well, come make me yours, darling~♥",
                          "You climb onto the bed in front of her, lining your head up with her opening.",
                          "JumpToScene", "MatingPressScene"
                      ]
        },
        {
          "NameOfScene": "InBedMatingPress",
          "theScene": [ 
                         "Speaks",
                         "|f|ChangeImageLayer|/|Expressions|/|1|/|BigSmile|n|Ready to go for another round~?",
                         "She shifts onto her back, pulling her legs up to her sides.",
                         "Speaks",
                         "|f|ChangeImageLayer|/|Expressions|/|1|/|Aroused|n|Come then~ Claim me~♥",
                         "You position yourself between Perephania's legs, lining your head up with her opening.",
                         "JumpToScene", "MatingPressScene"
                      ]
        },
        {
          "NameOfScene": "MatingPressScene",
          "theScene": [ 
                         "",
                         "|f|ChangeImageLayer|/|Expressions|/|1|/|FuckMeKiss|n||f|ChangeArousalByPercent|/|14|n|You grip her legs as you push yourself into her, forcing a languid moan from the jellyfish girl's mouth, her impossibly soft insides conforming perfectly to your shape, hugging your member tightly as you plunge forward.",
                         "Speaks",
                         "|f|ChangeImageLayer|/|Expressions|/|1|/|BigSmile|n|Haa~ Yes~! Claim me~",
                         "|f|ChangeImageLayer|/|Expressions|/|1|/|Surprise|n||f|ChangeImageLayer|/|Blush|/|1|/|Blush|n||f|ChangeArousalByPercent|/|14|n|Perephania gasps as you bottom out inside her, her face flushing red as you start to thrust. With each clap of your hips against her ass a ripple runs through her transparent body, and despite its softness her pussy manages to grip you tight as you drive into her.",
                         "|f|ChangeImageLayer|/|Expressions|/|1|/|Surprise|n||f|ChangeArousalByPercent|/|14|n|She moans beneath you, her legs twitching in your grip and her hands grasping at the blankets beneath her as you take her. Each thrust causes her breasts to jiggle, tempting you to lean down and take one of her nipples in your mouth, causing Perephania to let out a yelp in response, her legs tensing as you suck at her not-quite-hard nipple.",
                         "Speaks",
                         "|f|ChangeImageLayer|/|Expressions|/|1|/|BigSmile|n||f|ChangeArousalByPercent|/|14|n|Ha- Harder! Fold me in half and make me yours~!",
                         "|f|ChangeArousalByPercent|/|14|n|Perephania moans, her arms wrapping around your neck as you eagerly oblide, hooking your arms under her knees, pushing her legs back until they're almost touching her shoulders.",
                         "|f|ChangeImageLayer|/|Expressions|/|1|/|Laugh|n||f|ChangeArousalByPercent|/|16|n|ChangeImageLayer|/|Sweat|/|1|/|Sweat|n|The new position allows you to drive your cock even deeper, and you do just that, pounding her into the bed as she screams out in pleasure, her pussy clamping down around your erection.",
                         "|f|ChangeImageLayer|/|Expressions|/|1|/|OrgasmKiss|n||f|ChangeArousalByPercent|/|16|n|You pump your hips into her over and over again, and soon enough she's quivering, her back arching off the bed as she cums, her pussy gripping you tightly. It doesn't take long for you feel your own climax approaching, and you plunge forward to bury your cock in Perephania's body, her insides clamping down around you as you erupt inside her. She grits her teeth, her eyes squeezed shut as she feels your warm seed flood her.",
                         "|f|ChangeImageLayer|/|Expressions|/|1|/|LipLick|n||f|PlayerOrgasm|/|0|n|As you begin to come down from the climax, however, she grinds her hips against you, her arms pulling you closer.",
                         "Speaks",
                         "|f|ChangeImageLayer|/|Expressions|/|1|/|Aroused|n||f|ChangeArousalByPercent|/|20|n|More~ Fuck me more~ Treat me like a toy~",
                         "|f|ChangeImageLayer|/|Expressions|/|1|/|Laugh|n||f|ChangeArousalByPercent|/|20|n|Her words cause a dominant urge to rise in you, and you can't help but respond, pulling back until only the tip of your cock remains inside of her only to ram yourself back in with as much force as you can muster, sending a wave through the jellyfish's body and causing her to squeal with delight.",
                         "|f|ChangeArousalByPercent|/|20|n|You grip her legs tight, pinning her down as you continue to fuck her, determined to pound her senseless. Her insides feel like they are trying to suck you deeper into her, and her moans and gasps are music to your ears. Your fingers digging into her thighs reminding you just how pliant the jellyfish girl's body is, how much it conforms to you will.",
                         "|f|ChangeImageLayer|/|Expressions|/|1|/|FuckMeKiss|n||f|ChangeArousalByPercent|/|20|n|The thought sends a thrill through you, and you redouble your efforts, now more to engrave yourself on her body than for physical pleasure. You lean forward, pressing her legs back further as you push your lips against hers, your tongue pushing through her lips to claim her mouth too.",
                         "|f|ChangeImageLayer|/|Expressions|/|1|/|Kiss|n||f|ChangeArousalByPercent|/|20|n|She writhes and squirms against you, her arms tight around your neck as she desperately kisses you back, welcoming your control. You aren't sure when exactly she cums the second time, too lost in the need to dominate - to {i}own{/i} - her. And even if you knew, you wouldn't let up, your mind a haze as your body moves on its own, forcing Perephania's body to accept you over and over again.",
                         "By the time you feel a second orgasm building inside you, Perephania's shaking, her whole body quivering in an unstoppable climax, her insides convulsing around you as she cums over and over. But still you don't stop, pounding her into the bed as her juices splash out of her with each thrust.",
                         "|f|ChangeImageLayer|/|Expressions|/|1|/|Orgasm|n||f|PlayerOrgasm|/|0|n|Perephania gasps as you slam into her one last time, and finally the dam bursts, your cock throbbing as you unleash a second load of cum into her, your body burning with the need to claim this jellyfish as you continue to plow her, your orgasm prolonged and drawn out by her clenching insides. But even then, the fire inside you continues to burn.",
                         "Speaks",
                         "Don't stop!",
                         "She moans, her eyes hazy even as she pushes herself against you.|f|ChangeArousalByPercent|/|40|n|",
                         "Fuck me! Breed me!|f|ChangeArousalByPercent|/|80|n|",
                         "|f|ChangeImageLayer|/|Expressions|/|1|/|Ahegao|n||f|ChangeArousalByPercent|/|20|n|You can't deny your desires or hers, and you keep moving, your cock throbbing as you claim her, each resounding thrust sending a ripple through her entire gelatinous body. Time slips away, becoming a blur of lust and passion while you fuck her over and over, your cock never flagging as you fill her with so much cum you can almost see it through her translucent skin.",
                         "|f|ChangeImageLayer|/|Expressions|/|1|/|OrgasmKiss|n||f|PlayerOrgasm|/|0|n|When finally you're too exhausted to continue, you collapse, your breath coming in ragged gasps as you roll to the side, Perephania laying panting beside you.",
                         "Speaks",
                         "|f|ChangeImageLayer|/|Expressions|/|1|/|FuckMeSmile|n|Mmm~ We need to do that more often...",
                         "She murmurs, but you're too tired to do much else but fade into unconsciousness.",
                         "RefreshPlayer",
                         "JumpToScene", "WakeUpPillowTalk"

                      ]
        },
        {
          "NameOfScene": "'Punishment'",
          "theScene": [ 
                         "Speaks",
                          "|f|ChangeImageLayer|/|Expressions|/|1|/|Surprise|n|What, like when you lost to me? You {i}want{/i} that?",
                          "Menu",
                            "Punish me",
                            "Never mind",
                          "EndLoop"
                      ]
        },
        {
          "NameOfScene": "Punish me",
          "theScene": [ 
                         "Speaks",
                         "|f|ChangeImageLayer|/|Expressions|/|1|/|Neutral|n|Well, if that's what you want, I suppose.",
                         "IfChoice", "777", "InBed", "InBedMeanSuck",
                         "JumpToScene", "MeanSuckIntro"
                      ]
        },
        {
          "NameOfScene": "InBedMeanSuck",
          "theScene": [ 
                         "|f|ChangeImageLayer|/|Expressions|/|1|/|Smile|n|Perephania crawls down between your legs, and with a snap of her fingers a set of water ropes wraps around your limbs.",
                         "Speaks",
                          "|f|ChangeImageLayer|/|Expressions|/|1|/|FuckMeSmile|n|You asked for this~",
                         "She smirks as she slowly lowers her head towards your crotch.",
                         "JumpToScene", "MeanSuck"
                      ]
        },
        {
          "NameOfScene": "MeanSuckLossIntro",
          "theScene": [ 
                         "SetChoice", "87", "LossPunishment",
                         "DisplayCharacters",
                          "1",
                         "EndLoop",
                         "JumpToScene", "MeanSuck"
                      ]
        },
        {
          "NameOfScene": "MeanSuckIntro",
          "theScene": [ 
                         "|f|ChangeImageLayer|/|Expressions|/|1|/|Neutral|n||f|ChangeImageLayer|/|Clothes|/|1|/|None|n|Perephia takes you by the hand and leads you to the bed, pushing you down onto it before snapping her fingers, causing ropes of water to wrap around your limbs.",
                         "Speaks",
                          "|f|ChangeImageLayer|/|Expressions|/|1|/|LipLick|n|You asked for this~",
                         "|f|ChangeImageLayer|/|Expressions|/|1|/|FuckMeSmile|n|She smirks as she slowly lowers her head towards your crotch.",
                         "JumpToScene", "MeanSuck"
                      ]
        },
        {
          "NameOfScene": "MeanSuck",
          "theScene": [ 
                         "|f|ChangeImageLayer|/|Expressions|/|1|/|Lick|n||f|ChangeArousalByPercent|/|14|n|You can't help but shiver with anticipation as her orange lips approach your tip, her wet tongue extending to let a bead of saliva drip onto your head.",
                         "|f|ChangeArousalByPercent|/|14|n|She looks up at you as her tongue finally reaches your cock, circling your glans with agonizingly slow motions. With a smirk, she descends further, her tongue dragging teasingly along your underside until her lips meet your tip.",
                         "Speaks",
                          "|f|ChangeImageLayer|/|Expressions|/|1|/|Kiss|n|Mmm~ Mwah~",
                         "|f|ChangeArousalByPercent|/|14|n|She gives your head a wet kiss, and you try and fail to hold back the groan that wells up in your throat, prompting her to let out a soft giggle.",
                         "Speaks",
                         "|f|ChangeImageLayer|/|Expressions|/|1|/|BigSmile|n||f|ChangeArousalByPercent|/|14|n|Save your breath, darling. I've barely even {i}started~{/i} Mwah~",
                         "|f|ChangeImageLayer|/|Expressions|/|1|/|FuckMeKiss|n||f|ChangeArousalByPercent|/|14|n|She delivers another kiss, then a third, each more infuriatingly brief than the last. She dips lower, dragging her tongue from the base of your shaft to the underside of your head, before laying yet another kiss on your tip. This one, however, brings with it a sudden flood of tingling as she uses her venom for the first time.",
                         "|f|ChangeImageLayer|/|Expressions|/|1|/|Lick|n||f|ChangeArousalByPercent|/|14|n|Your member jumps in Perephania's grip, causing her to giggle again, her hot breath washing over your sensitive tip causing the tingling sensations to spike, your muscles clenching reflexively. Her tongue circles your head over and over, the tingles intensifying every time it passes over your skin, so much that even her saliva dripping down your shaft is almost unbearable.",
                         "Speaks",
                         "|f|ChangeImageLayer|/|Expressions|/|1|/|Kiss|n|Mmm~ Hah~",
                         "|f|ChangeArousalByPercent|/|14|n|When her lips finally meet your tip once more, it takes all of your will to not let out a loud moan, but immediately your resolve is broken as she starts to suck, her tongue relentlessly attacking the underside of your glans, the only thing stopping your hips from bucking wildly being the water binding you to the chair.",
                         "|f|ChangeImageLayer|/|Expressions|/|1|/|FuckMeBigSmile|n||f|SetArousalToMax|n||f|ChangeArousalQuietly|/|-1|n|You barely manage to hold on for a minute before the familiar heat of orgasm starts to rapidly rise inside you, pleasure surging up from inside your groin, only to be interrupted by Perephania pulling away with a wet pop, leaving a thin string of saliva hanging between your cock and her lips as she looks up at you with a cruel smirk.",
                         "Speaks",
                         "Not so fast~ I'm only just getting warmed up.",
                         "|f|ChangeImageLayer|/|Expressions|/|1|/|FuckMeSmile|n||f|ChangeArousalByPercent|/|-100|n|Her fingers trail up and down your thighs as she looks at you with sadistic glee until the edge passes, leaving you aching with desire.",
                         "|f|ChangeImageLayer|/|Expressions|/|1|/|Lick|n||f|ChangeArousalByPercent|/|16|n|Only then does she return to your throbbing manhood,  her tongue extending to swirl around your glans in slow, maddening circles.",
                         "|f|ChangeArousalByPercent|/|16|n||f|ChangeImageLayer|/|Expressions|/|1|/|FuckMeLaugh|n||f|ChangeImageLayer|/|Tongue|/|1|/|Tongue|n|Her touch is agonizingly exquisite, each breath washing over your skin sending pulses of tingling pleasure coursing through your groin, your cock jumping and twitching with each contact.",
                         "|f|ChangeImageLayer|/|Expressions|/|1|/|FuckMeKiss|n||f|ChangeImageLayer|/|Tongue|/|1|/|None|n||f|ChangeArousalByPercent|/|16|n|When at last she lays another kiss on your cock, this time rather than the previous surge of tingling, this fresh dose of venom causes an immediate heat spread through your shaft, quickly growing until it feels like your groin is on fire.",
                         "Speaks",
                         "Mmm~",
                         "|f|ChangeArousalByPercent|/|16|n|Her tongue begins to lavish your tip with the same slow, teasing licks that she started with, but now as it drags along your cock it momentarily salves the heat in your skin under its ministrations, the relief so intense it could bring tears to your eye, only for the heat to return as moves on to the next spot.",
                         "|f|ChangeArousalByPercent|/|16|n|By now you can no longer spare the will to hold in your voice,  the groans spilling from your lips a mix of pain and pleasure as your muscles twitch involuntarily from the sensations. Your hands clench into fists as your arms strain against the water, precum leaking endlessly from your agonized manhood.",
                         "|f|ChangeImageLayer|/|Expressions|/|1|/|Aroused|n||f|ChangeArousalByPercent|/|16|n|Perephania laughs softly at your groan, and you hear her say something but it's lost to you, your senses overwhelmed by the maddeningly intense sensations.",
                         "|f|ChangeImageLayer|/|Expressions|/|1|/|Kiss|n||f|SetArousalToMax|n||f|ChangeArousalQuietly|/|-1|n|Her mouth descends on your cock once more, her hot, wet tongue lavishing your underside with quick strokes, quickly pushing you right to the cusp of orgasm, only for her to pull away as soon as you feel that tell-tale precursor to release, your member jumping again as a stream of precum leaks from your tip, the muscles in your groin clenching as you struggle to contain yourself.",
                         "|f|ChangeImageLayer|/|Expressions|/|1|/|FuckMeBigSmile|n||f|ChangeArousalByPercent|/|-100|n|Again, she laughs as she looks up at you, waiting patiently with a sadistic smile until the edge has passed.",
                         "|f|ChangeImageLayer|/|Expressions|/|1|/|Lick|n||f|ChangeArousalByPercent|/|33|n|When she's finally sure that you've calmed down, she immediately takes your glans back into her mouth, this time closing her lips and sucking as her tongue circles your head over and over.",
                         "|f|ChangeArousalByPercent|/|33|n|The feeling of your shaft surging with the heat of her venom while your tip is bathed in salvation is so overwhelmingly intense that it leaves you feeling like you're going to pass out, your vision blurring and ears ringing, all of your senses focused solely on your groin and the blissfully agonizing sensations it's experiencing.",
                         "|f|ChangeImageLayer|/|Expressions|/|1|/|Laugh|n||f|ChangeImageLayer|/|Blush|/|1|/|Blush|n||f|SetArousalToMax|n||f|ChangeArousalQuietly|/|-1|n|This time it takes only moments for your climax to rise up once again. In the back of your mind you realize you're begging for release, but your senses are too overwhelmed to consciously notice, even Perephania laughing in response passes through your empty mind, and sure enough just as you reach the peak, she pulls away leaving you perched precariously on the edge.",
                         "|f|ChangeImageLayer|/|Expressions|/|1|/|BigSmile|n||f|ChangeArousalByPercent|/|-99|n|The sudden intense ache of denial is strong enough to pull you back to conscious thought, the desperate need for release causing you to cry out, sweat covering your body as you struggle against your bonds. This time it takes a full minute for the edge to pass, your body wracked with tremors as your muscles spasm and twitch uncontrollably.",
                         "|f|ChangeImageLayer|/|Expressions|/|1|/|Kiss|n||f|SetArousalToMax|n|The instant it does, however, Perephania ducks in and lays a single kiss on your cock, instantly sending you roaring back to the edge, your limbs straining against the bonds holding them in place, precum spraying in a weak burst from your tip.",
                         "Speaks",
                         "|f|ChangeImageLayer|/|Expressions|/|1|/|Smile|n|Hold it in~ Hold~ It~ In~",
                         "|f|ChangeImageLayer|/|Expressions|/|1|/|FuckMeSmile|n|Perephania giggles at your precarious situation, and as her breathe passes over your cock you desperately struggle to hold back, until...",
                         "IfChoice", "87", "LossPunishment", "MeanSuckRuin",
                         "IfChoice", "87", "", "MeanSuckRelease"
                      ]
        },
        {
          "NameOfScene": "MeanSuckRelease",
          "theScene": [ 
                         "|f|ChangeImageLayer|/|Expressions|/|1|/|BigSmile|n|Just as the pressure is about to become too much, Perephania clambers up to straddle your waist, grinning as she lines up her pussy - which you see now is dripping wet with arousal - with your cock.",
                         "|f|ChangeImageLayer|/|Expressions|/|1|/|Aroused|n||f|PlayerOrgasm|/|0|n|Her eyes remain locked with yours as she drops her hips, her pussy enveloping your cock just as you start to cum. Your mind goes blank as in an instant you could swear you've been transported to heaven, her tight pussy soaking your cock with its heat as ropes of your cum spray into her depths, her walls twitching and clenching around you, milking your length for all you have to give.",
                         "|f|ChangeImageLayer|/|Expressions|/|1|/|FuckMeNeutral|n|She rides you slowly, grinding her hips and cooing softly as your orgasm washes over you, her pussy continuing to massage your sensitive manhood as it paints her insides, drawing out your orgasm for so long that your head starts to spin, and your vision starts fading to black.",
                         "|f|ChangeImageLayer|/|Expressions|/|1|/|Surprise|n||f|ChangeImageLayer|/|Sweat|/|1|/|Sweat|n|The last thing you see is Perephania's flushed face in an expression of surprise, reaching for something as she realizes you're blacking out.",
                         "RefreshPlayer",
                         "SetChoice", "65", "BlackOut",
                         "JumpToScene", "WakeUpPillowTalk"
                      ]
        },
        {
          "NameOfScene": "MeanSuckRuin",
          "theScene": [ 
                         "SetChoice", "87", "",
                         "|f|ChangeImageLayer|/|Expressions|/|1|/|Surprise|n|You whimper weakly as the pressure in your groin becomes to much to hold back, and semen starts to dribble weakly from your tip, running down your shaft in a thick white stream.",
                         "Speaks",
                         "|f|ChangeImageLayer|/|Expressions|/|1|/|Laugh|n|Hahahah!",
                         "Perephania laughs in delight as your orgasm is ruined, her lips tantalizingly close, yet unbearably far.",
                         "|f|ChangeImageLayer|/|Expressions|/|1|/|FuckMeBigSmile|n|Your hips buck involuntarily, desperately seeking any sort of stimulation, but she merely watches you with a sadistic grin, letting your cum leak down your member.",
                         "|f|ChangeImageLayer|/|Expressions|/|1|/|FuckMeKiss|n|Only when it's clear your peak has passed and you have no more cum to give does she finally closes her mouth over your tip, sucking as hard as she can, and the sudden post-orgasm stimulation is enough to force a pained cry from your throat.",
                         "|f|ChangeImageLayer|/|Expressions|/|1|/|Lick|n|Her tongue presses firmly against your overly sensitive head as her mouth begins to bob up and down, her cheeks hollowing with suction as her soft tongue swirls over your glans. The agonizing pleasure is so intense that your mind goes blank, your body shaking as you try and fail to resist the assault on your senses, the pleasure surging to the point where it becomes pain.",
                         "|f|ChangeImageLayer|/|Expressions|/|1|/|FuckMeKiss|n|Her lips move up and down your shaft, sucking and slurping as she assaults you with her tongue. Every movement sends bolts of pain and pleasure into your groin. Your cries and moans only encourage her to speed up, until it's all you can do not to pass out as she continues to mercilessly attack.",
                         "|f|ChangeImageLayer|/|Expressions|/|1|/|FuckMeSmile|n|Eventually it becomes too much, and your vision starts to tunnel, the last thing you see being Perephania's smirking gaze.",
                         "PlayerOrgasm", "0",
                         "GameOver"

                      ]
        },
        {
          "NameOfScene": "Extra",
          "theScene": [ 
                         "|f|ChangeArousalByPercent|/|14|n|",
                         ""
                      ]
        },
        {
          "NameOfScene": "Blank",
          "theScene": [ 
                         "",
                         ""
                      ]
        },
        {
          "NameOfScene": "Wrong Name",
          "theScene": [ 
                         "If you're seeing this, you named something wrong."
                      ]
        }
    ]
}