{
    "name": "Fluffy Extended Universe",
    "description": "All of FluffyArsonist's mods, in one place!\nCurrently features Perephania(First encounter in the forest - 'Prideful Encounter') and Sirje(First encounter in a dream), along with the hit mod 'Pineapple Juice'!",
    "testedFor": {"major": 25, "minor": 9, "patch": 0},
    "version": 1.0,
    "tags" : [
        "+2 Characters",
        "+ Edging fetish(doesn't currently do anything)",
        "+ Pineapple Juice"
    ],
    "credits":  "{b}Art{/b}\n{a=https://twitter.com/LyinArt}https://twitter.com/LyinArt{/a}\n{b}Voice/SFX{/b}\n{a=https://twitter.com/kissesfromlia}https://twitter.com/kissesfromlia{/a}",
    "authors": [
        "FluffyArsonist"
    ],
    "urlLabel": "Wiki Page",
    "url": "https://monstergirldreams.miraheze.org/wiki/Mod:Perephania"
}