{
    "name": "Prideful Embrace",
    "cost": "5",
    "costType": "ep",
    "requiredLevel": "0",
    "learningCost": "250",
    "skillType": "attack",
    "statType": "Allure",
    "requiredStat": "6",
    "skillTags": [ "Seduction"],
    "fetishTags": [ "Breasts", "Ass"],
    "startsStance": "Embrace",
    "requiresStance": "Any",
    "unusableIfStance": [ "Oral"],
    "requiresTargetStance": [ "Any"],
    "unusableIfTarget": [ "Embrace"],
    "removesStance": "None",
    "requiresStatusEffect": "None",
    "requiresStatusPotency": "0",
    "unusableIfStatusEffect": [ "None"],
    "power": "20",
    "minRange": "90",
    "maxRange": "110",
    "recoil": "0",
    "targetType": "single",
    "statusEffect": "Charm",
    "statusChance": "200",
    "statusDuration": "5",
    "statusPotency": "0",
    "statusResistedBy": "Willpower",
    "statusText": "",
    "descrip": "",
    "outcome": "[AttackerName] lets out a haughty laugh and wraps [AttackerHisOrHer] arms around [TargetName], sensually sliding [AttackerHisOrHer] soft skin and impressive breasts against [TargetHimOrHer], [AttackerHisOrHer] movements prompting [TargetName]'s hands to squeeze [AttackerHisOrHer] enticing body.",
    "miss": "[AttackerName] tries to wrap [AttackerHisOrHer] arms around [TargetName], but [TargetHeOrShe] manages to dodge out of the way.",
    "statusOutcome": "[TargetName] can't help but grope and squeeze [AttackerName]'s delightfully pliant body.",
    "statusMiss": "",
    "restraintStruggle": "",
    "restraintStruggleCharmed": "",
    "restraintEscaped": "",
    "restraintEscapedFail": ""
}
