{
    "name": "Azure Double",
    "cost": "0",
    "costType": "ep",
    "requiredLevel": "0",
    "learningCost": "0",
    "skillType": "attack",
    "statType": "Allure",
    "requiredStat": "0",
    "skillTags": [ "Sex"],
    "fetishTags": [ "Oral", "Kissing"],
    "startsStance": "",
    "requiresStance": "Blowjob",
    "unusableIfStance": [ "Face Sit", "Footjob", "Titfuck", "Thighjob", "Footjob"],
    "requiresTargetStance": [ "Any"],
    "unusableIfTarget": [ "Penetration"],
    "removesStance": "None",
    "requiresStatusEffect": "None",
    "requiresStatusPotency": "0",
    "unusableIfStatusEffect": [ "None"],
    "power": "20",
    "minRange": "90",
    "maxRange": "110",
    "recoil": "0",
    "targetType": "single",
    "statusEffect": "",
    "statusChance": "0",
    "statusDuration": "0",
    "statusPotency": "0",
    "statusResistedBy": "Willpower",
    "statusText": "",
    "descrip": "Kiss your opponent.",
    "outcome": "The clones smother the sides of [ThePlayerName]'s shaft with their lips, lathering it with blue lipstick.|n||f|CallCombatEventAndScene|/|CloneEvent|/|KissDrain|n|",
    "miss": "The clones smother the sides of[ThePlayerName]'s shaft with kisses, but [TargetHeOrShe] manages to resist the assault.|n||f|CallCombatEventAndScene|/|CloneEvent|/|KissDrain|n|",
    "statusOutcome": "",
    "statusMiss": "",
    "restraintStruggle": "",
    "restraintStruggleCharmed": "",
    "restraintEscaped": "",
    "restraintEscapedFail": ""
}
