{
    "name": "Slothful Support",
    "cost": "5",
    "costType": "ep",
    "requiredLevel": "0",
    "learningCost": "0",
    "skillType": "attack",
    "statType": "Allure",
    "requiredStat": "0",
    "skillTags": [ "Seduction", "Magic", "Sex"],
    "fetishTags": [ "Oral"],
    "startsStance": "",
    "requiresStance": "Smother",
    "unusableIfStance": [ "Penetration"],
    "requiresTargetStance": [ "Blowjob"],
    "unusableIfTarget": [ "Penetration"],
    "removesStance": "None",
    "requiresStatusEffect": "None",
    "requiresStatusPotency": "0",
    "unusableIfStatusEffect": [ "None"],
    "power": "10",
    "minRange": "90",
    "maxRange": "110",
    "recoil": "0",
    "accuracy": "1000",
    "targetType": "single",
    "statusEffect": "Charm",
    "statusChance": "75",
    "statusDuration": "4",
    "statusPotency": "0",
    "statusResistedBy": "Willpower",
    "statusText": "",
    "descrip": "Kiss your opponent.",
    "outcome": "Sirje coos softly into [ThePlayerName]'s ear as her clones lovingly lavish his manhood, encouraging [TargetHimOrHer] to give up.",
    "miss": "Sirje coos into [ThePlayerName]'s ear, but [TargetHeOrShe] manages to resist her magic laced words and the clones' tender tongues.",
    "statusOutcome": "|f|CallCombatEventAndScene|/|SirjeCombat|/|ApplyArousalDebuff|n|",
    "statusMiss": "",
    "restraintStruggle": "",
    "restraintStruggleCharmed": "",
    "restraintEscaped": "",
    "restraintEscapedFail": ""
}
