{
    "name": "Burning Kiss",
    "cost": "0",
    "costType": "ep",
    "requiredLevel": "0",
    "learningCost": "0",
    "skillType": "attack",
    "statType": "Allure",
    "requiredStat": "0",
    "skillTags": [ "Mouth"],
    "fetishTags": [ "Kissing"],
    "startsStance": "",
    "requiresStance": "Making Out",
    "unusableIfStance": [ "Blowjob", "Face Sit", "Footjob", "Titfuck"],
    "requiresTargetStance": [ "Any"],
    "unusableIfTarget": [ "Face Sit"],
    "removesStance": "None",
    "requiresStatusEffect": "None",
    "requiresStatusPotency": "0",
    "unusableIfStatusEffect": [ "Sleep"],
    "power": "30",
    "minRange": "90",
    "maxRange": "110",
    "recoil": "0",
    "targetType": "single",
    "statusEffect": "",
    "statusChance": "1000",
    "statusDuration": "0",
    "statusPotency": "0",
    "statusResistedBy": "Willpower",
    "statusText": "",
    "descrip": "Kiss your opponent.",
    "outcome": "[AttackerName] keeps [AttackerHisOrHer] arms firmly locked around [TargetName]'s neck while [AttackerHeOrShe] deeply kisses [TargetHimOrHer], [AttackerHisOrHer] tongue slowly circling around [TargetHisOrHer].",
    "miss": "[AttackerName] keeps [AttackerHisOrHer] arms firmly locked around [TargetName]'s neck while [AttackerHeOrShe] deeply kisses [TargetHimOrHer], but [TargetName] manages to endure the intense kiss!",
    "statusOutcome": "|f|CallCombatEventAndScene|/|PerephaniaFight|/|KissResponse|n|",
    "statusMiss": "",
    "restraintStruggle": "",
    "restraintStruggleCharmed": "",
    "restraintEscaped": "",
    "restraintEscapedFail": ""
}
