{
    "name": "Indulgant Invitation",
    "cost": "5",
    "costType": "ep",
    "requiredLevel": "0",
    "learningCost": "0",
    "skillType": "attack",
    "statType": "Allure",
    "requiredStat": "0",
    "skillTags": [ "Sex", "Seduction"],
    "fetishTags": [ "Breasts", "Ass"],
    "startsStance": "",
    "requiresStance": "Embrace",
    "unusableIfStance": [ "Blowjob", "Making Out"],
    "requiresTargetStance": [ "Embrace"],
    "unusableIfTarget": [ ""],
    "removesStance": "None",
    "requiresStatusEffect": "None",
    "requiresStatusPotency": "0",
    "unusableIfStatusEffect": [ "None"],
    "power": "10",
    "minRange": "85",
    "maxRange": "115",
    "recoil": "100",
    "targetType": "single",
    "statusEffect": "Charm",
    "statusChance": "50",
    "statusDuration": "1",
    "statusPotency": "0",
    "statusResistedBy": "Willpower",
    "statusText": "",
    "descrip": "",
    "outcome": "[AttackerName] presses her delightfully soft body against [TargetName], [AttackerHisOrHer] hands trailing across [TargetHisOrHer] skin, enticing [TargetHimOrHer] to reciprocate.",
    "miss": "[AttackerName] tries to press her delightfully soft body against [TargetName], but [TargetHeOrShe] manages to hold [AttackerHisOrHer] back.",
    "statusOutcome": "",
    "statusMiss": "",
    "restraintStruggle": "",
    "restraintStruggleCharmed": "",
    "restraintEscaped": "",
    "restraintEscapedFail": ""
}
