{
    "name": "Prideful Marking",
    "cost": "5",
    "costType": "ep",
    "requiredLevel": "0",
    "learningCost": "0",
    "skillType": "attack",
    "statType": "Allure",
    "requiredStat": "0",
    "skillTags": [ "Sex", "Seduction"],
    "fetishTags": [ "Kissing", "Breasts"],
    "startsStance": "",
    "requiresStance": "Embrace",
    "unusableIfStance": [ "Blowjob", "Making Out"],
    "requiresTargetStance": [ "Embrace"],
    "unusableIfTarget": [ ""],
    "removesStance": "None",
    "requiresStatusEffect": "None",
    "requiresStatusPotency": "0",
    "unusableIfStatusEffect": [ "None"],
    "power": "35",
    "minRange": "85",
    "maxRange": "115",
    "recoil": "10",
    "targetType": "single",
    "statusEffect": "",
    "statusChance": "1000",
    "statusDuration": "0",
    "statusPotency": "0",
    "statusResistedBy": "Willpower",
    "statusText": "",
    "descrip": "",
    "outcome": "[AttackerName] presses her delightfully soft body against [TargetName], squeezing [TargetHimOrHer] close as [AttackerHeOrShe] peppers his face and neck with venomous kisses.",
    "miss": "[AttackerName] tries to press her delightfully soft body against [TargetName], but [TargetHeOrShe] manages to hold [AttackerHisOrHer] back.",
    "statusOutcome": "|f|CallCombatEventAndScene|/|PerephaniaFight|/|ApplyVenomKissed|n|",
    "statusMiss": "",
    "restraintStruggle": "",
    "restraintStruggleCharmed": "",
    "restraintEscaped": "",
    "restraintEscapedFail": ""
}
