{
    "name": "SpreadingSting",
    "cost": "0",
    "costType": "ep",
    "requiredLevel": "0",
    "learningCost": "0",
    "skillType": "statusEffect",
    "statType": "Allure",
    "statusEffectScaling": "20",
    "requiredStat": "0",
    "skillTags": [ "Unholy"],
    "fetishTags": ["Kissing"],
    "startsStance": "",
    "requiresStance": "Making Out",
    "unusableIfStance": [ ""],
    "requiresTargetStance": [ "Any"],
    "unusableIfTarget": [""],
    "removesStance": "None",
    "requiresStatusEffect": "None",
    "requiresStatusPotency": "0",
    "unusableIfStatusEffect": [ "None"],
    "requiresPerk": [""],
    "power": "0",
    "minRange": "80",
    "maxRange": "120",
    "recoil": "0",
    "targetType": "single",
    "statusEffect": "Aphrodisiac",
    "statusChance": "999",
    "statusDuration": "10",
    "statusPotency": "10",
    "statusResistedBy": "Willpower",
    "statusText": "",
    "descrip": "Kiss your opponent.",
    "outcome": "",
    "miss": "",
    "statusOutcome": "",
    "statusMiss": "",
    "restraintStruggle": "",
    "restraintStruggleCharmed": "",
    "restraintEscaped": "",
    "restraintEscapedFail": ""
}
