{
    "name": "Clone",
    "IDname": "Clone",
    "species": "Construct",
    "gender": "female",
    "description": "Sirje",
    "encyclopedia": "",
    "tags": "none",
    "generic": "True",
    "requires": [""],
    "skillList": ["Azure Double", "Resonant Frequency", "Smothering Smooches", "Twinned Support", "Twinned Support", "Twinned Support"],
    "perks": [],
    "stats": {"lvl": "100",
              "Exp":"1000",
              "max_hp":"1600",
              "max_ep":"100",
              "max_sp": "4",
              "Power": "10",
              "Technique": "10",
              "Intelligence": "50",
              "Allure": "65",
              "Willpower": "15",
              "Luck": "5"
    },
    "Fetishes": [""],
    "BodySensitivity": {"Sex": "0",
                        "Ass":"00",
                        "Breasts":"0",
                        "Mouth":"0",
                        "Seduction": "0",
                        "Magic": "0",
                        "Pain": "0",
                        "Holy": "0",
                        "Unholy": "0"
    },
    "resistancesStatusEffects": {
              "Stun": "1000",
              "Charm":"1000",
              "Aphrodisiac":"1000",
              "Restraints":"1000",
              "Sleep":"1000",
			  "Trance":"1000",
              "Paralysis": "1000"
    },
    "moneyDropped": "1000",
    "ItemDropList": [
                      {
                        "name": "Unbound Rune",
                        "dropChance": "100"
                      }
                    ],
    "lossScenes": [
                    {
                        "NameOfScene": "",
                        "move": "",
                        "stance": "",
                        "includes": [""],
                        "theScene":[
                                    ""
                                  ],
                        "picture":""
                    }
                  ],
    "combatDialogue": [
                        {
                            "lineTrigger":"OffenceCounter",
                            "move": [""],
                            "theText":["|f|SkipPlayerAttack|n|The harpy clone turns transparent as you try to target it. You'll have to focus on the real one."]
                        },
                        {
                            "lineTrigger":"EndOfRound",
                            "move": "",
                            "theText":["|f|CallCombatEventAndScene|/|CloneEvent|/|RoundStartCheck|n|"]
                        },
                        {
                            "lineTrigger":"UsesMove",
                            "move": "Resonant Frequency",
                            "theText":["Mmmm~", "Hmmm~", "Mmnn~"]
                        },
                        {
                            "lineTrigger":"UsesMovePre",
                            "move": "Twinned Support",
                            "theText":["|f|CallCombatEventAndScene|/|CloneEvent|/|TwinnedSupport|n|"]
                        },
                        {
                            "lineTrigger":"lowHealth",
                            "move": "",
                            "theText":[""]
                        },
                        {
                            "lineTrigger":"playerLowHealth",
                            "move": "",
                            "theText":[""]
                        },
                        {
                            "lineTrigger":"onPlayerOrgasm",
                            "move": "",
                            "theText":[ "" ]
                        },
                        {
                            "lineTrigger":"OnOrgasm",
                            "move": "",
                            "theText":[""]
                        },
                        {
                            "lineTrigger":"onSurrender",
                            "move": "",
                            "theText":[""]
                        },
                        {
                            "lineTrigger":"stanceStruggle",
                            "move": "Sex",
                            "theText":[""]
                        },
                        {
                            "lineTrigger":"stanceStruggleFail",
                            "move": "Sex",
                            "theText":[""]
                        },
                        {
                            "lineTrigger":"stanceStruggleComment",
                            "move": "Sex",
                            "theText":[""]
                        },
                        {
                            "lineTrigger":"stanceStruggleFree",
                            "move": "Sex",
                            "theText":[""]
                        },
                        {
                            "lineTrigger":"stanceStruggleFreeComment",
                            "move": "Sex",
                            "theText":[""]
                        }
                      ],
  "victoryScenes": [
    {
        "NameOfScene": "",
        "move": "",
        "stance": "",
        "includes": [""],
        "theScene":[""
                  ],
        "picture":""
    }
        ],
        "pictures": [
                    {
                        "Name":"Base",
                        "StartOn": "1",
                        "AlwaysOn": "1",
                        "IsScene": "0",
                        "TheBody": "1",
                        "Overlay": "No",
                        "setXalign": "0.1",
                        "setYalign": "0.2",
                        "Images":[
                          {
                              "Name":"Base",
                              "File": "../Mods/Fluffy Extended Universe/Images/Sirje/Body.png",
                              "setXalign": "0.0",
                              "setYalign": "0.0"
                          }
                                ]
                    },
                    {
                        "Name":"Expression",
                        "StartOn": "1",
                        "AlwaysOn": "1",
                        "IsScene": "0",
                        "TheBody": "0",
                        "Overlay": "No",
                        "setXalign": "0.0",
                        "setYalign": "0.0",
                        "Images":[
                        {
                            "Name":"Neutral",
                            "File": "../Mods/Fluffy Extended Universe/Images/Sirje/ExpressionNeutral.png",
                            "setXalign": "0.0",
                            "setYalign": "0.0"
                        },
                        {
                            "Name":"Angry",
                            "File": "../Mods/Fluffy Extended Universe/Images/Sirje/ExpressionAngry.png",
                            "setXalign": "0.0",
                            "setYalign": "0.0"
                        },
                        {
                            "Name":"Kiss",
                            "File": "../Mods/Fluffy Extended Universe/Images/Sirje/ExpressionKiss.png",
                            "setXalign": "0.0",
                            "setYalign": "0.0"
                        },
                        {
                            "Name":"Lick",
                            "File": "../Mods/Fluffy Extended Universe/Images/Sirje/ExpressionLick.png",
                            "setXalign": "0.0",
                            "setYalign": "0.0"
                        },
                          {
                            "Name":"Orgasm",
                            "File": "../Mods/Fluffy Extended Universe/Images/Sirje/ExpressionOrgasm.png",
                            "setXalign": "0.0",
                            "setYalign": "0.0"
                        },
                        {
                            "Name":"Smile",
                            "File": "../Mods/Fluffy Extended Universe/Images/Sirje/ExpressionSmile.png",
                            "setXalign": "0.0",
                            "setYalign": "0.0"
                        },
                        {
                            "Name":"Smirk",
                            "File": "../Mods/Fluffy Extended Universe/Images/Sirje/ExpressionSmirk.png",
                            "setXalign": "0.0",
                            "setYalign": "0.0"
                        },
                        {
                            "Name":"Surprise",
                            "File": "../Mods/Fluffy Extended Universe/Images/Sirje/ExpressionSurprise.png",
                            "setXalign": "0.0",
                            "setYalign": "0.0"
                        }
                                ]
                    },
                    {
                        "Name":"Feathers",
                        "StartOn": "1",
                        "AlwaysOn": "1",
                        "IsScene": "0",
                        "TheBody": "0",
                        "Overlay": "No",
                        "setXalign": "0.0",
                        "setYalign": "0.0",
                        "Images":[
                          {
                              "Name":"Feathers",
                              "File": "../Mods/Fluffy Extended Universe/Images/Sirje/Feathers.png",
                              "setXalign": "0.0",
                              "setYalign": "0.0"
                          }
                                ]
                    }
                    ]
}
