{
    "name": "Perephania",
    "IDname": "Perephania",
    "species": "Aquatic Slime",
    "gender": "female",
    "description": "",
    "encyclopedia": "",
    "tags": "none",
    "generic": "False",
    "requires": [""],
    "skillList": ["Indulgant Invitation","Prideful Embrace","Prideful Marking","Burning Kiss","Burning Kisses","Numbing Nuzzle","Prideful Kiss","Sensitizing Sting","Stunning Smooch","Tidal Bind"],
    "perks": [],
    "stats": {"lvl": "100",
              "Exp":"1000",
              "max_hp":"3000",
              "max_ep":"1000",
              "max_sp": "3",
              "Power": "30",
              "Technique": "40",
              "Intelligence": "40",
              "Allure": "50",
              "Willpower": "40",
              "Luck": "20"
    },
    "Fetishes": [""],
    "BodySensitivity": {"Sex": "100",
                        "Ass":"100",
                        "Breasts":"150",
                        "Mouth":"75",
                        "Seduction": "200",
                        "Magic": "25",
                        "Pain": "1",
                        "Holy": "100",
                        "Unholy": "1"
    },
    "resistancesStatusEffects": {
              "Stun": "80",
              "Charm":"20",
              "Aphrodisiac":"1000",
              "Restraints":"40",
              "Sleep":"0",
			  "Trance":"1000",
              "Paralysis": "1000"
    },
    "moneyDropped": "1000",
    "ItemDropList": [
                      {
                        "name": "Unbound Rune",
                        "dropChance": "100"
                      }
                    ],
    "lossScenes": [
                    {
                        "NameOfScene": "MakeOutLoss",
                        "move": "",
                        "stance": "Making Out",
                        "includes": ["Perephania"],
                        "theScene":[
                                    "|f|CallCombatEventAndScene|/|PerephaniaFight|/|CheckSurrender|n|"
                                  ],
                        "picture":""
                    },
                    {
                        "NameOfScene": "EmbraceLoss",
                        "move": "",
                        "stance": "Embrace",
                        "includes": ["Perephania"],
                        "theScene":[
                                    "|f|CallCombatEventAndScene|/|PerephaniaFight|/|CheckSurrender|n|"
                                  ],
                        "picture":""
                    },
                    {
                        "NameOfScene": "SurrenderLoss",
                        "move": "",
                        "stance": "",
                        "includes": ["Perephania"],
                        "theScene":[
                                    "|f|CallCombatEventAndScene|/|PerephaniaFight|/|CheckSurrender|n|"
                                  ],
                        "picture":""
                    }
                  ],
    "combatDialogue": [
                        
                        {
                            "lineTrigger":"StartOfCombat",
                            "move": "",
                            "theText":["|f|CallCombatEventAndScene|/|PerephaniaFight|/|StartCombat|n|"]
                        },
                        {
                            "lineTrigger": "EndOfRound",
                            "move": [""],
                            "theText":["|f|CallCombatEventAndScene|/|PerephaniaFight|/|RoundEndCheck|n|"]
                        },
                        {
                            "lineTrigger":"StartOfRound",
                            "move": "",
                            "theText":["|f|CallCombatEventAndScene|/|PerephaniaFight|/|RoundStartCheck|n|"]
                        },
                        {
                            "lineTrigger":"HitWith",
                            "move": ["Kiss", "Make Out", "Deep Kiss", "Lovingly Rough Kiss", "Misty Kiss", "Sensually Seductive Kiss"],
                            "theText":["|f|ChangeImageLayer|/|Expressions|/|Kiss|n||f|CallCombatEventAndScene|/|PerephaniaFight|/|KissResponse|n|"]
                        },
                        {
                            "lineTrigger":"HitWith",
                            "move": ["Breast Caress", "Pinch Nipples", "Breast Knead", "Breast Massage", "Breast Fondle"],
                            "theText":["|f|CallCombatEventAndScene|/|PerephaniaFight|/|GropeResponse|n|"]
                        },
                        {
                            "lineTrigger":"HitWith",
                            "move": ["Suckle"],
                            "theText":["|f|ChangeImageLayer|/|Expressions|/|LipLick|n||f|CallCombatEventAndScene|/|PerephaniaFight|/|SuckleResponse|n|"]
                        },
                        {
                            "lineTrigger":"HitWith",
                            "move": ["Grope Ass", "Squeeze Ass", "Massage Ass", "Fondle Ass", "Spank"],
                            "theText":["|f|CallCombatEventAndScene|/|PerephaniaFight|/|AssResponse|n|"]
                        },
                        {
                            "lineTrigger":"AutoCounter",
                            "move": ["Anal Penetration", "Penetrate", "Dildo", "Finger"],
                            "theText":["|f|ChangeImageLayer|/|Expressions|/|BigSmile|n||f|ClearStances|n||f|CallCombatEventAndScene|/|PerephaniaFight|/|PenetrationResponse|n|"]
                        },
                        {
                            "lineTrigger":"HitWith",
                            "move": ["Seduce", "Ear Tease", "Smoldering Seduction", "Mass Seduction", "Smoldering Flaunt", "Enamor", "Charm", "Massaging Seduction"],
                            "theText":["|f|CallCombatEventAndScene|/|PerephaniaFight|/|SeductionResponse|n|"]
                        },
                        {
                            "lineTrigger":"HitWith",
                            "move": ["Arouse", "Arousara", "Arousero"],
                            "theText":["|f|CallCombatEventAndScene|/|PerephaniaFight|/|MagicResponse|n|"]
                        },
                        {
                            "lineTrigger":"HitWith",
                            "move": ["Electrify"],
                            "theText":["|f|CallCombatEventAndScene|/|PerephaniaFight|/|ElectrifyResponse|n|"]
                        },
                        {
                            "lineTrigger":"HitWith",
                            "move": ["Magical Binding", "Bondage Net", "Pin"],
                            "theText":["|f|CallCombatEventAndScene|/|PerephaniaFight|/|BindResponse|n|"]
                        },
                        {
                            "lineTrigger":"HitWith",
                            "move": ["Whip"],
                            "theText":["|f|CallCombatEventAndScene|/|PerephaniaFight|/|WhipResponse|n|"]
                        },
                        {
                            "lineTrigger":"HitWith",
                            "move": ["Demon Layer"],
                            "theText":["|f|CallCombatEventAndScene|/|PerephaniaFight|/|DemonLayerResponse|n|"]
                        },
                        {
                            "lineTrigger":"HitWith",
                            "move": ["Holy Headpat"],
                            "theText":["|f|ChangeImageLayer|/|Expressions|/|Surprise|n||f|ChangeImageLayer|/|Blush|/|Blush|n||f|CallCombatEventAndScene|/|PerephaniaFight|/|HeadpatResponse|n|"]
                        },
                        {
                            "lineTrigger":"OnPlayerOrgasm",
                            "move": ["Making Out"],
                            "theText":[ "|f|ChangeImageLayer|/|Expressions|/|FuckMeKiss|n||f|CallCombatEventAndScene|/|PerephaniaFight|/|KissingOrgasm|n|" ]
                        },
                        {
                            "lineTrigger":"OnPlayerOrgasm",
                            "move": "Embrace",
                            "theText":[ "|f|ChangeImageLayer|/|Expressions|/|BigSmile|n||f|CallCombatEventAndScene|/|PerephaniaFight|/|EmbraceOrgasm|n|" ]
                        },
                        {
                            "lineTrigger":"OnPlayerOrgasm",
                            "move": "SwirlingTide",
                            "theText":[ "|f|ChangeImageLayer|/|Expressions|/|Smile|n||f|CallCombatEventAndScene|/|PerephaniaFight|/|SwirlingOrgasm|n|" ]
                        },
                        {
                            "lineTrigger":"OnPlayerOrgasm",
                            "move": "",
                            "theText":[ "|f|CallCombatEventAndScene|/|PerephaniaFight|/|OtherOrgasm|n|" ]
                        },
                        {
                            "lineTrigger":"OnOrgasm",
                            "move": "",
                            "theText":["|f|CallCombatEventAndScene|/|PerephaniaFight|/|OrgasmCounter|n|"]
                        },
                        {
                            "lineTrigger":"OnSurrender",
                            "move": "",
                            "theText":["|f|CallCombatEventAndScene|/|PerephaniaFight|/|Surrender|n|"]
                        },
                        {
                            "lineTrigger":"StanceStruggle",
                            "move": "Making Out",
                            "theText":["|f|ChangeImageLayer|/|Expressions|/|FuckMeKiss|n||f|CallCombatEventAndScene|/|PerephaniaFight|/|MakeOutStruggle|n|"]
                        },
                        {
                            "lineTrigger":"StanceStruggleFail",
                            "move": "Making Out",
                            "theText":["|f|ChangeImageLayer|/|Expressions|/|Kiss|n||f|CallCombatEventAndScene|/|PerephaniaFight|/|MakeOutStruggleFail|n|"]
                        },
                        {
                            "lineTrigger":"StanceStruggleComment",
                            "move": "Making Out",
                            "theText":["|f|ChangeImageLayer|/|Expressions|/|LipLick|n||f|CallCombatEventAndScene|/|PerephaniaFight|/|MakeOutStruggleComment|n|"]
                        },
                        {
                            "lineTrigger":"StanceStruggleFree",
                            "move": "Making Out",
                            "theText":["|f|ChangeImageLayer|/|Expressions|/|Aroused|n||f|CallCombatEventAndScene|/|PerephaniaFight|/|MakeOutStruggleSuccess|n|"]
                        },
                        {
                            "lineTrigger":"StanceStruggleFreeComment",
                            "move": "Making Out",
                            "theText":["|f|CallCombatEventAndScene|/|PerephaniaFight|/|MakeOutStruggleSuccessComment|n|"]
                        },
                        {
                            "lineTrigger":"StanceStruggle",
                            "move": "Embrace",
                            "theText":["|f|ChangeImageLayer|/|Expressions|/|FuckMeBigSmile|n||f|CallCombatEventAndScene|/|PerephaniaFight|/|EmbraceStruggle|n|"]
                        },
                        {
                            "lineTrigger":"StanceStruggleFail",
                            "move": "Embrace",
                            "theText":["|f|ApplyStatusEffect|/|IndulgantSqueeze|n||f|CallCombatEventAndScene|/|PerephaniaFight|/|EmbraceStruggleFail|n|"]
                        },
                        {
                            "lineTrigger":"StanceStruggleComment",
                            "move": "Embrace",
                            "theText":["|f|CallCombatEventAndScene|/|PerephaniaFight|/|EmbraceStruggleComment|n|"]
                        },
                        {
                            "lineTrigger":"StanceStruggleFree",
                            "move": "Embrace",
                            "theText":["|f|ChangeImageLayer|/|Expressions|/|Surprise|n||f|CallCombatEventAndScene|/|PerephaniaFight|/|EmbraceStruggleSuccess|n|"]
                        },
                        {
                            "lineTrigger":"StanceStruggleFreeComment",
                            "move": "Embrace",
                            "theText":["|f|ChangeImageLayer|/|Expressions|/|FuckMeSmile|n||f|CallCombatEventAndScene|/|PerephaniaFight|/|EmbraceStruggleSuccessComment|n|"]
                        }
                      ],
  "victoryScenes": [
    {
        "NameOfScene": "KissJumpToPostCombat",
        "move": "",
        "stance": ["Making Out", "Embrace"],
        "includes": ["Perephania"],
        "theScene":["ChangeImageLayer", "Expressions", "Orgasm", "Perephania collapses into your arms as she cums, surrendering to your embrace.","JumpToEventThenScene", "Visit Perephania", "Victory"],
        "picture":""
    },
    {
        "NameOfScene": "EmptyJumpToPostCombat",
        "move": "",
        "stance": "",
        "includes": ["Perephania"],
        "theScene":["ChangeImageLayer", "Expressions", "Orgasm", "Perephania collapses into your arms as she cums, surrendering to your embrace.","JumpToEventThenScene", "Visit Perephania", "Victory"],
        "picture":""
    }
        ],
        "pictures": [
                      {
                          "Name":"Body",
                          "StartOn": "1",
                          "AlwaysOn": "1",
                          "IsScene": "0",
                          "TheBody": "1",
                          "Overlay": "No",
                          "setXalign": "0.0",
                          "setYalign": "0.2",
                          "Images":[
                            {
                                "Name":"BodyBase",
                                "File": "../Mods/Fluffy Extended Universe/Images/Perephania/BodyBase.png",
                                "setXalign": "0.0",
                                "setYalign": "0.0"
                            }
                        ]
                      },
                      {
                        "Name":"Clothes",
                        "StartOn": "1",
                        "AlwaysOn": "0",
                        "IsScene": "0",
                        "TheBody": "0",
                        "Overlay": "No",
                        "setXalign": "0.0",
                        "setYalign": "0.0",
                        "Images":[
                          {
                              "Name":"Clothes",
                              "File": "../Mods/Fluffy Extended Universe/Images/Perephania/Clothes.png",
                              "setXalign": "0.0",
                              "setYalign": "0.0"
                          }
                      ]
                    },
                      {
                          "Name":"Expressions",
                          "StartOn": "1",
                          "AlwaysOn": "1",
                          "IsScene": "0",
                          "TheBody": "0",
                          "Overlay": "No",
                          "setXalign": "0.0",
                          "setYalign": "0.0",
                          "Images":[
                            {
                                "Name":"Neutral",
                                "File": "../Mods/Fluffy Extended Universe/Images/Perephania/ExpressionNeutral.png",
                                "setXalign": "0.0",
                                "setYalign": "0.0"
                            },
                            {
                                "Name":"Smile",
                                "File": "../Mods/Fluffy Extended Universe/Images/Perephania/ExpressionSmallSmile.png",
                                "setXalign": "0.0",
                                "setYalign": "0.0"
                            },
                            {
                                "Name":"BigSmile",
                                "File": "../Mods/Fluffy Extended Universe/Images/Perephania/ExpressionBigSmile.png",
                                "setXalign": "0.0",
                                "setYalign": "0.0"
                            },
                            {
                                "Name":"Surprise",
                                "File": "../Mods/Fluffy Extended Universe/Images/Perephania/ExpressionSurprised.png",
                                "setXalign": "0.0",
                                "setYalign": "0.0"
                            },
                            {
                                "Name":"Angry",
                                "File": "../Mods/Fluffy Extended Universe/Images/Perephania/ExpressionAngry.png",
                                "setXalign": "0.0",
                                "setYalign": "0.0"
                            },
                            {
                                "Name":"Laugh",
                                "File": "../Mods/Fluffy Extended Universe/Images/Perephania/ExpressionLaugh.png",
                                "setXalign": "0.0",
                                "setYalign": "0.0"
                            },
                            {
                                "Name":"Kiss",
                                "File": "../Mods/Fluffy Extended Universe/Images/Perephania/ExpressionKiss.png",
                                "setXalign": "0.0",
                                "setYalign": "0.0"
                            },
                            {
                                "Name":"LipLick",
                                "File": "../Mods/Fluffy Extended Universe/Images/Perephania/ExpressionLipLick.png",
                                "setXalign": "0.0",
                                "setYalign": "0.0"
                            },
                            {
                                "Name":"Lick",
                                "File": "../Mods/Fluffy Extended Universe/Images/Perephania/ExpressionLick.png",
                                "setXalign": "0.0",
                                "setYalign": "0.0"
                            },
                            {
                                "Name":"Aroused",
                                "File": "../Mods/Fluffy Extended Universe/Images/Perephania/ExpressionAroused.png",
                                "setXalign": "0.0",
                                "setYalign": "0.0"
                            },
                            {
                                "Name":"Orgasm",
                                "File": "../Mods/Fluffy Extended Universe/Images/Perephania/ExpressionOrgasm.png",
                                "setXalign": "0.0",
                                "setYalign": "0.0"
                            },
                            {
                                "Name":"Ahegao",
                                "File": "../Mods/Fluffy Extended Universe/Images/Perephania/ExpressionAhegao.png",
                                "setXalign": "0.0",
                                "setYalign": "0.0"
                            },
                            {
                                "Name":"SurpriseClose",
                                "File": "../Mods/Fluffy Extended Universe/Images/Perephania/ExpressionSurprisedClose.png",
                                "setXalign": "0.0",
                                "setYalign": "0.0"
                            },
                            {
                                "Name":"FuckMeNeutral",
                                "File": "../Mods/Fluffy Extended Universe/Images/Perephania/ExpressionFuckMeNeutral.png",
                                "setXalign": "0.0",
                                "setYalign": "0.0"
                            },
                            {
                                "Name":"FuckMeSmile",
                                "File": "../Mods/Fluffy Extended Universe/Images/Perephania/ExpressionFuckMeSmallSmile.png",
                                "setXalign": "0.0",
                                "setYalign": "0.0"
                            },
                            {
                                "Name":"FuckMeBigSmile",
                                "File": "../Mods/Fluffy Extended Universe/Images/Perephania/ExpressionFuckMeBigSmile.png",
                                "setXalign": "0.0",
                                "setYalign": "0.0"
                            },
                            {
                                "Name":"FuckMeSurprise",
                                "File": "../Mods/Fluffy Extended Universe/Images/Perephania/ExpressionFuckMeSurprised.png",
                                "setXalign": "0.0",
                                "setYalign": "0.0"
                            },
                            {
                                "Name":"FuckMeAngry",
                                "File": "../Mods/Fluffy Extended Universe/Images/Perephania/ExpressionFuckMeAngry.png",
                                "setXalign": "0.0",
                                "setYalign": "0.0"
                            },
                            {
                                "Name":"FuckMeLaugh",
                                "File": "../Mods/Fluffy Extended Universe/Images/Perephania/ExpressionFuckMeLaugh.png",
                                "setXalign": "0.0",
                                "setYalign": "0.0"
                            },
                            {
                                "Name":"FuckMeKiss",
                                "File": "../Mods/Fluffy Extended Universe/Images/Perephania/ExpressionFuckMeKiss.png",
                                "setXalign": "0.0",
                                "setYalign": "0.0"
                            },
                            {
                                "Name":"EyesShutNeutral",
                                "File": "../Mods/Fluffy Extended Universe/Images/Perephania/ExpressionEyesShutNeutral.png",
                                "setXalign": "0.0",
                                "setYalign": "0.0"
                            },
                            {
                                "Name":"EyesShutSmile",
                                "File": "../Mods/Fluffy Extended Universe/Images/Perephania/ExpressionEyesShutSmallSmile.png",
                                "setXalign": "0.0",
                                "setYalign": "0.0"
                            },
                            {
                                "Name":"EyesShutBigSmile",
                                "File": "../Mods/Fluffy Extended Universe/Images/Perephania/ExpressionEyesShutBigSmile.png",
                                "setXalign": "0.0",
                                "setYalign": "0.0"
                            },
                            {
                                "Name":"EyesShutAroused",
                                "File": "../Mods/Fluffy Extended Universe/Images/Perephania/ExpressionEyesShutAroused.png",
                                "setXalign": "0.0",
                                "setYalign": "0.0"
                            },
                            {
                                "Name":"EyesShutOrgasm",
                                "File": "../Mods/Fluffy Extended Universe/Images/Perephania/ExpressionEyesShutOrgasm.png",
                                "setXalign": "0.0",
                                "setYalign": "0.0"
                            },
                            {
                                "Name":"OrgasmAngry",
                                "File": "../Mods/Fluffy Extended Universe/Images/Perephania/ExpressionOrgasmAngry.png",
                                "setXalign": "0.0",
                                "setYalign": "0.0"
                            },
                            {
                                "Name":"OrgasmAroused",
                                "File": "../Mods/Fluffy Extended Universe/Images/Perephania/ExpressionAroused.png",
                                "setXalign": "0.0",
                                "setYalign": "0.0"
                            },
                            {
                                "Name":"OrgasmKiss",
                                "File": "../Mods/Fluffy Extended Universe/Images/Perephania/ExpressionOrgasmKiss.png",
                                "setXalign": "0.0",
                                "setYalign": "0.0"
                            },
                            {
                                "Name":"OrgasmNeutral",
                                "File": "../Mods/Fluffy Extended Universe/Images/Perephania/ExpressionOrgasmNeutral.png",
                                "setXalign": "0.0",
                                "setYalign": "0.0"
                            },
                            {
                                "Name":"OrgasmLaugh",
                                "File": "../Mods/Fluffy Extended Universe/Images/Perephania/ExpressionOrgasmLaugh.png",
                                "setXalign": "0.0",
                                "setYalign": "0.0"
                            }
                        ]
                      },
                      {
                          "Name":"Sweat",
                          "StartOn": "0",
                          "AlwaysOn": "0",
                          "IsScene": "0",
                          "TheBody": "0",
                          "Overlay": "No",
                          "setXalign": "0.0",
                          "setYalign": "0.0",
                          "Images":[
                            {
                                "Name":"Sweat",
                                "File": "../Mods/Fluffy Extended Universe/Images/Perephania/Sweat.png",
                                "setXalign": "0.0",
                                "setYalign": "0.0"
                            }
                        ]
                      },
                      {
                          "Name":"Blush",
                          "StartOn": "0",
                          "AlwaysOn": "0",
                          "IsScene": "0",
                          "TheBody": "0",
                          "Overlay": "No",
                          "setXalign": "0.0",
                          "setYalign": "0.0",
                          "Images":[
                            {
                                "Name":"Blush",
                                "File": "../Mods/Fluffy Extended Universe/Images/Perephania/Blush.png",
                                "setXalign": "0.0",
                                "setYalign": "0.0"
                            }
                        ]
                      },
                      {
                          "Name":"Tongue",
                          "StartOn": "0",
                          "AlwaysOn": "0",
                          "IsScene": "0",
                          "TheBody": "0",
                          "Overlay": "No",
                          "setXalign": "0.0",
                          "setYalign": "0.0",
                          "Images":[
                            {
                                "Name":"Tongue",
                                "File": "../Mods/Fluffy Extended Universe/Images/Perephania/Tongue.png",
                                "setXalign": "0.0",
                                "setYalign": "0.0"
                            }
                        ]
                      },
                      {
                          "Name":"Hair",
                          "StartOn": "1",
                          "AlwaysOn": "1",
                          "IsScene": "0",
                          "TheBody": "0",
                          "Overlay": "No",
                          "setXalign": "0.0",
                          "setYalign": "0.0",
                          "Images":[
                            {
                                "Name":"Hair",
                                "File": "../Mods/Fluffy Extended Universe/Images/Perephania/FrontHair.png",
                                "setXalign": "0.0",
                                "setYalign": "0.0"
                            }
                        ]
                      },
                      {
                          "Name":"Hat",
                          "StartOn": "1",
                          "AlwaysOn": "1",
                          "IsScene": "0",
                          "TheBody": "0",
                          "Overlay": "No",
                          "setXalign": "0.0",
                          "setYalign": "0.0",
                          "Images":[
                            {
                                "Name":"Hat",
                                "File": "../Mods/Fluffy Extended Universe/Images/Perephania/JellyHat.png",
                                "setXalign": "0.0",
                                "setYalign": "0.0"
                            }
                        ]
                      }
                    ]
}
