{
    "name": "Sirje",
    "IDname": "Sirje",
    "species": "Avian",
    "gender": "female",
    "description": "Sirje",
    "encyclopedia": "",
    "tags": "none",
    "generic": "False",
    "requires": [""],
    "skillList": ["Lazy Temptation", "Lazy Temptation", "Azure Kisses", "Slothful Support", "Stifling Wings", "Phantom Fetters", "Smothering Haze", "Resonant Frequency"],
    "perks": [],
    "stats": {"lvl": "100",
              "Exp":"1000",
              "max_hp":"1600",
              "max_ep":"100",
              "max_sp": "4",
              "Power": "10",
              "Technique": "10",
              "Intelligence": "100",
              "Allure": "130",
              "Willpower": "15",
              "Luck": "5"
    },
    "Fetishes": [""],
    "BodySensitivity": {"Sex": "180",
                        "Ass":"80",
                        "Breasts":"300",
                        "Mouth":"100",
                        "Seduction": "180",
                        "Magic": "10",
                        "Pain": "10",
                        "Holy": "100",
                        "Unholy": "100"
    },
    "resistancesStatusEffects": {
              "Stun": "-50",
              "Charm":"-1000",
              "Aphrodisiac":"0",
              "Restraints":"-1000",
              "Sleep":"-1000",
			  "Trance":"0",
              "Paralysis": "0"
    },
    "moneyDropped": "1000",
    "ItemDropList": [
                      {
                        "name": "Unbound Rune",
                        "dropChance": "100"
                      }
                    ],
    "lossScenes": [
                    {
                        "NameOfScene": "PUT THESE IN THE SKILL LIST",
                        "move": "",
                        "stance": "",
                        "includes": [""],
                        "theScene":[
                                    ""
                                  ],
                        "picture":""
                    }
                  ],
    "combatDialogue": [
                        
                        {
                            "lineTrigger":"StartOfCombat",
                            "move": "",
                            "theText":["|f|CallCombatEventAndScene|/|SirjeCombat|/|StartCombat|n|"]
                        },
                        {
                            "lineTrigger":"StartOfRound",
                            "move": "",
                            "theText":["|f|CallCombatEventAndScene|/|SirjeCombat|/|StartRound|n|"]
                        },
                        {
                            "lineTrigger":"OnOrgasm",
                            "move": "",
                            "theText":["|f|CallCombatEventAndScene|/|SirjeCombat|/|OrgasmCheck|n|"]
                        },
                        {
                            "lineTrigger":"hitWith",
                            "move": ["Kiss", "Make Out", "Deep Kiss", "Lovingly Rough Kiss", "Misty Kiss", "Sensually Seductive Kiss"],
                            "theText":[""]
                        },
                        {
                            "lineTrigger":"hitWith",
                            "move": ["Face Fuck"],
                            "theText":[""]
                        },
                        {
                            "lineTrigger":"hitWith",
                            "move": ["Breast Caress", "Pinch Nipples", "Breast Knead", "Breast Massage", "Breast Fondle", "Finger", "Massaging Seduction", "Pin", "Holy Headpat"],
                            "theText":[""]
                        },
                        {
                            "lineTrigger":"hitWith",
                            "move": ["Breast Nuzzle", "Tit Fucking"],
                            "theText":[""]
                        },
                        {
                            "lineTrigger":"hitWith",
                            "move": ["Suckle"],
                            "theText":[""]
                        },
                        {
                            "lineTrigger":"hitWith",
                            "move": ["Grope Ass", "Squeeze Ass", "Massage Ass", "Fondle Ass", "Spank"],
                            "theText":[""]
                        },
                        {
                            "lineTrigger":"hitWith",
                            "move": ["Anal Penetration", "Penetrate", "Thrust", "Pound", "Multi Thrust", "Tantric Thrust", "Empowered Thrust", "Channeling Thrust", "Passionate Lovemaking", "Anal Piston"],
                            "theText":[""]
                        },
                        {
                            "lineTrigger":"hitWith",
                            "move": ["Seduce", "Ear Tease", "Smoldering Seduction", "Mass Seduction", "Smoldering Flaunt", "Enamor", "Charm"],
                            "theText":[""]
                        },
                        {
                            "lineTrigger":"hitWith",
                            "move": ["Arouse", "Arousara", "Arousero", "Magical Binding"],
                            "theText":[""]
                        },
                        {
                            "lineTrigger":"hitWith",
                            "move": ["Electrify"],
                            "theText":[""]
                        },
                        {
                            "lineTrigger":"hitWith",
                            "move": ["Dildo", "Whip", "Bondage Net"],
                            "theText":[""]
                        },
                        {
                            "lineTrigger":"hitWith",
                            "move": ["Sleep"],
                            "theText":[""]
                        },
                        {
                            "lineTrigger":"hitWith",
                            "move": ["Demon Layer"],
                            "theText":[""]
                        },
                        {
                            "lineTrigger":"UsesMove",
                            "move": "Resonant Frequency",
                            "theText":["Mmmm~", "Hmmm~", "Mmnn~"]
                        },
                        {
                            "lineTrigger":"UsesMove",
                            "move": "Slothful Support",
                            "theText":["|f|CallCombatEventAndScene|/|SirjeCombat|/|SlothfulSupport|n|"]
                        },
                        {
                            "lineTrigger":"UsesMove",
                            "move": "",
                            "theText":[""]
                        },
                        {
                            "lineTrigger":"lowHealth",
                            "move": "",
                            "theText":[""]
                        },
                        {
                            "lineTrigger":"playerLowHealth",
                            "move": "",
                            "theText":[""]
                        },
                        {
                            "lineTrigger":"onPlayerOrgasm",
                            "move": "",
                            "theText":[ "" ]
                        },
                        {
                            "lineTrigger":"onSurrender",
                            "move": "",
                            "theText":[""]
                        },
                        {
                            "lineTrigger":"stanceStruggle",
                            "move": "Sex",
                            "theText":[""]
                        },
                        {
                            "lineTrigger":"stanceStruggleFail",
                            "move": "Sex",
                            "theText":[""]
                        },
                        {
                            "lineTrigger":"stanceStruggleComment",
                            "move": "Sex",
                            "theText":[""]
                        },
                        {
                            "lineTrigger":"stanceStruggleFree",
                            "move": "Sex",
                            "theText":[""]
                        },
                        {
                            "lineTrigger":"stanceStruggleFreeComment",
                            "move": "Sex",
                            "theText":[""]
                        }
                      ],
  "victoryScenes": [
    {
        "NameOfScene": "",
        "move": "",
        "stance": "",
        "includes": [""],
        "theScene":[""
                  ],
        "picture":""
    }
        ],
        "pictures": [
                    {
                        "Name":"Staff",
                        "StartOn": "1",
                        "AlwaysOn": "0",
                        "IsScene": "0",
                        "TheBody": "0",
                        "Overlay": "No",
                        "setXalign": "0.0",
                        "setYalign": "0.0",
                        "Images":[
                        {
                            "Name":"Staff",
                            "File": "../Mods/Fluffy Extended Universe/Images/Sirje/Staff.png",
                            "setXalign": "0.0",
                            "setYalign": "0.0"
                        }
                                ]
                    },
                    {
                        "Name":"Orb",
                        "StartOn": "1",
                        "AlwaysOn": "0",
                        "IsScene": "0",
                        "TheBody": "0",
                        "Overlay": "No",
                        "setXalign": "0.0",
                        "setYalign": "0.0",
                        "Images":[
                        {
                            "Name":"Orb",
                            "File": "../Mods/Fluffy Extended Universe/Images/Sirje/Orb.png",
                            "setXalign": "0.0",
                            "setYalign": "0.0"
                        }
                                ]
                    },
                    {
                        "Name":"Wind",
                        "StartOn": "1",
                        "AlwaysOn": "0",
                        "IsScene": "0",
                        "TheBody": "0",
                        "Overlay": "No",
                        "setXalign": "0.0",
                        "setYalign": "0.0",
                        "Images":[
                        {
                            "Name":"Wind",
                            "File": "../Mods/Fluffy Extended Universe/Images/Sirje/Wind.png",
                            "setXalign": "0.0",
                            "setYalign": "0.0"
                        }
                                ]
                    },
                    {
                        "Name":"Base",
                        "StartOn": "1",
                        "AlwaysOn": "1",
                        "IsScene": "0",
                        "TheBody": "1",
                        "Overlay": "No",
                        "setXalign": "0.1",
                        "setYalign": "0.2",
                        "Images":[
                          {
                              "Name":"Base",
                              "File": "../Mods/Fluffy Extended Universe/Images/Sirje/Body.png",
                              "setXalign": "0.0",
                              "setYalign": "0.0"
                          }
                                ]
                    },
                    {
                        "Name":"Expression",
                        "StartOn": "1",
                        "AlwaysOn": "1",
                        "IsScene": "0",
                        "TheBody": "0",
                        "Overlay": "No",
                        "setXalign": "0.0",
                        "setYalign": "0.0",
                        "Images":[
                        {
                            "Name":"Neutral",
                            "File": "../Mods/Fluffy Extended Universe/Images/Sirje/ExpressionNeutral.png",
                            "setXalign": "0.0",
                            "setYalign": "0.0"
                        },
                        {
                            "Name":"Angry",
                            "File": "../Mods/Fluffy Extended Universe/Images/Sirje/ExpressionAngry.png",
                            "setXalign": "0.0",
                            "setYalign": "0.0"
                        },
                        {
                            "Name":"Kiss",
                            "File": "../Mods/Fluffy Extended Universe/Images/Sirje/ExpressionKiss.png",
                            "setXalign": "0.0",
                            "setYalign": "0.0"
                        },
                        {
                            "Name":"Lick",
                            "File": "../Mods/Fluffy Extended Universe/Images/Sirje/ExpressionLick.png",
                            "setXalign": "0.0",
                            "setYalign": "0.0"
                        },
                          {
                            "Name":"Orgasm",
                            "File": "../Mods/Fluffy Extended Universe/Images/Sirje/ExpressionOrgasm.png",
                            "setXalign": "0.0",
                            "setYalign": "0.0"
                        },
                        {
                            "Name":"Smile",
                            "File": "../Mods/Fluffy Extended Universe/Images/Sirje/ExpressionSmile.png",
                            "setXalign": "0.0",
                            "setYalign": "0.0"
                        },
                        {
                            "Name":"Smirk",
                            "File": "../Mods/Fluffy Extended Universe/Images/Sirje/ExpressionSmirk.png",
                            "setXalign": "0.0",
                            "setYalign": "0.0"
                        },
                        {
                            "Name":"Surprise",
                            "File": "../Mods/Fluffy Extended Universe/Images/Sirje/ExpressionSurprise.png",
                            "setXalign": "0.0",
                            "setYalign": "0.0"
                        }
                                ]
                    },
                    {
                        "Name":"Robe",
                        "StartOn": "1",
                        "AlwaysOn": "0",
                        "IsScene": "0",
                        "TheBody": "0",
                        "Overlay": "No",
                        "setXalign": "0.0",
                        "setYalign": "0.0",
                        "Images":[
                        {
                            "Name":"Robe",
                            "File": "../Mods/Fluffy Extended Universe/Images/Sirje/Robe.png",
                            "setXalign": "0.0",
                            "setYalign": "0.0"
                        }
                                ]
                    },
                    {
                        "Name":"Hat",
                        "StartOn": "1",
                        "AlwaysOn": "0",
                        "IsScene": "0",
                        "TheBody": "0",
                        "Overlay": "No",
                        "setXalign": "0.0",
                        "setYalign": "0.0",
                        "Images":[
                        {
                            "Name":"Hat",
                            "File": "../Mods/Fluffy Extended Universe/Images/Sirje/Hat.png",
                            "setXalign": "0.0",
                            "setYalign": "0.0"
                        }
                                ]
                    },
                    {
                        "Name":"HatFeather",
                        "StartOn": "1",
                        "AlwaysOn": "0",
                        "IsScene": "0",
                        "TheBody": "0",
                        "Overlay": "No",
                        "setXalign": "0.0",
                        "setYalign": "0.0",
                        "Images":[
                        {
                            "Name":"HatFeather",
                            "File": "../Mods/Fluffy Extended Universe/Images/Sirje/HatFeather.png",
                            "setXalign": "0.0",
                            "setYalign": "0.0"
                        }
                                ]
                    }
                    ]
}
